2013-09-19 18:27:19,Human,Channeler,Female,Tarabon,15,13,15,14,14
2013-09-19 18:27:19,Human,Channeler,Female,Tarabon,16,17,19,15,10
2013-09-19 18:27:18,Human,Channeler,Female,Tarabon,15,17,14,14,12
2013-09-19 18:27:18,Human,Channeler,Female,Tarabon,12,18,15,16,10
2013-09-19 18:27:18,Human,Channeler,Female,Tarabon,16,15,19,14,9
2013-09-19 18:27:17,Human,Channeler,Female,Tarabon,11,15,17,15,13
2013-09-19 18:27:17,Human,Channeler,Female,Tarabon,12,18,19,14,10
2013-09-19 18:27:16,Human,Channeler,Female,Tarabon,12,14,17,16,14
2013-09-19 18:27:16,Human,Channeler,Female,Tarabon,15,13,16,14,12
2013-09-19 18:27:15,Human,Channeler,Female,Tarabon,15,14,18,13,13
2013-09-19 18:27:14,Human,Channeler,Female,Tarabon,12,14,18,17,9
2013-09-19 18:27:14,Human,Channeler,Female,Tarabon,12,15,19,17,10
2013-09-19 18:27:13,Human,Channeler,Female,Tarabon,16,14,16,14,10
2013-09-19 18:27:13,Human,Channeler,Female,Tarabon,12,17,17,13,12
2013-09-19 18:27:12,Human,Channeler,Female,Tarabon,16,18,15,16,9
2013-09-19 18:27:12,Human,Channeler,Female,Tarabon,12,14,18,17,10
2013-09-19 18:27:12,Human,Channeler,Female,Tarabon,14,15,18,14,9
2013-09-19 18:27:11,Human,Channeler,Female,Tarabon,16,18,14,14,14
2013-09-19 18:27:11,Human,Channeler,Female,Tarabon,16,14,19,14,10
2013-09-19 18:27:10,Human,Channeler,Female,Tarabon,12,14,15,16,14
2013-09-19 18:27:10,Human,Channeler,Female,Tarabon,14,14,17,13,14
2013-09-19 18:27:09,Human,Channeler,Female,Tarabon,14,13,15,18,11
2013-09-19 18:27:09,Human,Channeler,Female,Tarabon,14,16,18,15,10
2013-09-19 18:27:09,Human,Channeler,Female,Tarabon,15,14,17,14,10
2013-09-19 18:27:08,Human,Channeler,Female,Tarabon,14,14,18,17,10
2013-09-19 18:27:08,Human,Channeler,Female,Tarabon,12,17,15,15,11
2013-09-19 18:27:07,Human,Channeler,Female,Tarabon,15,14,16,15,13
2013-09-19 18:27:07,Human,Channeler,Female,Tarabon,13,14,19,14,10
2013-09-19 18:27:06,Human,Channeler,Female,Tarabon,12,14,18,15,11
2013-09-19 18:27:06,Human,Channeler,Female,Tarabon,12,18,15,14,14
2013-09-19 18:27:05,Human,Channeler,Female,Tarabon,13,15,15,16,13
2013-09-19 18:27:04,Human,Channeler,Female,Tarabon,12,16,18,14,13
2013-09-19 18:27:04,Human,Channeler,Female,Tarabon,15,14,16,16,10
2013-09-19 18:27:04,Human,Channeler,Female,Tarabon,12,14,17,18,9
2013-09-19 18:27:03,Human,Channeler,Female,Tarabon,14,17,15,14,10
2013-09-19 18:27:03,Human,Channeler,Female,Tarabon,15,16,15,15,10
2013-09-19 18:27:02,Human,Channeler,Female,Tarabon,12,18,14,16,10
2013-09-19 18:27:02,Human,Channeler,Female,Tarabon,15,14,15,17,10
2013-09-19 18:27:01,Human,Channeler,Female,Tarabon,12,14,15,17,12
2013-09-19 18:27:01,Human,Channeler,Female,Tarabon,16,17,15,17,9
2013-09-19 18:27:01,Human,Channeler,Female,Tarabon,16,14,18,14,10
2013-09-19 18:27:00,Human,Channeler,Female,Tarabon,12,17,15,17,9
2013-09-19 18:26:59,Human,Channeler,Female,Tarabon,15,15,15,14,11
2013-09-19 18:26:59,Human,Channeler,Female,Tarabon,12,18,15,17,10
2013-09-19 18:26:58,Human,Channeler,Female,Tarabon,15,18,15,15,13
2013-09-19 18:26:57,Human,Channeler,Female,Tarabon,12,14,18,18,14
2013-09-19 18:26:57,Human,Channeler,Female,Tarabon,16,15,15,14,10
2013-09-19 18:26:57,Human,Channeler,Female,Tarabon,14,14,15,13,14
2013-09-19 18:26:55,Human,Channeler,Female,Tarabon,12,18,18,15,9
2013-09-19 18:26:55,Human,Channeler,Female,Tarabon,15,14,15,16,10
2013-09-19 18:26:54,Human,Channeler,Female,Tarabon,12,14,18,14,14
2013-09-19 18:26:54,Human,Channeler,Female,Tarabon,16,17,19,13,13
2013-09-19 18:26:54,Human,Channeler,Female,Tarabon,15,17,14,14,12
2013-09-19 18:26:53,Human,Channeler,Female,Tarabon,12,15,17,14,14
2013-09-19 18:26:53,Human,Channeler,Female,Tarabon,14,13,19,14,11
2013-09-19 18:26:52,Human,Channeler,Female,Tarabon,13,17,15,13,14
2013-09-19 18:26:52,Human,Channeler,Female,Tarabon,13,17,15,17,13
2013-09-19 18:26:52,Human,Channeler,Female,Tarabon,14,14,19,14,13
2013-09-19 18:26:51,Human,Channeler,Female,Tarabon,14,17,17,14,13
2013-09-19 18:26:51,Human,Channeler,Female,Tarabon,12,18,17,14,11
2013-09-19 18:26:50,Human,Channeler,Female,Tarabon,15,14,14,18,9
2013-09-19 18:26:50,Human,Channeler,Female,Tarabon,12,15,18,14,11
2013-09-19 18:26:49,Human,Channeler,Female,Tarabon,14,17,16,14,10
2013-09-19 18:26:49,Human,Channeler,Female,Tarabon,16,14,15,15,14
2013-09-19 18:26:48,Human,Channeler,Female,Tarabon,15,13,15,17,10
2013-09-19 18:26:48,Human,Channeler,Female,Tarabon,16,14,15,13,14
2013-09-19 18:26:47,Human,Channeler,Female,Tarabon,12,14,15,16,13
2013-09-19 18:26:47,Human,Channeler,Female,Tarabon,12,18,19,16,10
2013-09-19 18:26:46,Human,Channeler,Female,Tarabon,13,16,18,14,13
2013-09-19 18:26:46,Human,Channeler,Female,Tarabon,15,14,15,14,12
2013-09-19 18:26:46,Human,Channeler,Female,Tarabon,12,18,15,16,10
2013-09-19 18:26:45,Human,Channeler,Female,Tarabon,14,14,19,15,9
2013-09-19 18:26:44,Human,Channeler,Female,Tarabon,13,13,19,13,13
2013-09-19 18:26:44,Human,Channeler,Female,Tarabon,14,17,19,14,10
2013-09-19 18:26:43,Human,Channeler,Female,Tarabon,11,18,15,17,10
2013-09-19 18:26:43,Human,Channeler,Female,Tarabon,15,14,15,17,9
2013-09-19 18:26:42,Human,Channeler,Female,Tarabon,12,17,15,18,10
2013-09-19 18:26:42,Human,Channeler,Female,Tarabon,13,17,14,17,11
2013-09-19 18:26:41,Human,Channeler,Female,Tarabon,13,16,16,15,10
2013-09-19 18:26:40,Human,Channeler,Female,Tarabon,14,18,15,15,9
2013-09-19 18:26:40,Human,Channeler,Female,Tarabon,16,18,15,13,9
2013-09-19 18:26:40,Human,Channeler,Female,Tarabon,15,15,17,18,12
2013-09-19 18:26:39,Human,Channeler,Female,Tarabon,15,14,19,15,12
2013-09-19 18:26:39,Human,Channeler,Female,Tarabon,12,18,19,13,9
2013-09-19 18:26:38,Human,Channeler,Female,Tarabon,15,18,16,17,11
2013-09-19 18:26:38,Human,Channeler,Female,Tarabon,14,17,15,14,14
2013-09-19 18:26:38,Human,Channeler,Female,Tarabon,14,18,15,14,10
2013-09-19 18:26:37,Human,Channeler,Female,Tarabon,11,18,18,14,13
2013-09-19 18:26:36,Human,Channeler,Female,Tarabon,15,15,15,13,12
2013-09-19 18:26:36,Human,Channeler,Female,Tarabon,15,18,17,17,10
2013-09-19 18:26:35,Human,Channeler,Female,Tarabon,12,17,17,13,14
2013-09-19 18:26:35,Human,Channeler,Female,Tarabon,11,15,19,13,13
2013-09-19 18:26:34,Human,Channeler,Female,Tarabon,11,14,19,16,10
2013-09-19 18:26:34,Human,Channeler,Female,Tarabon,12,18,16,18,13
2013-09-19 18:26:34,Human,Channeler,Female,Tarabon,12,17,16,17,10
2013-09-19 18:26:33,Human,Channeler,Female,Tarabon,13,16,19,13,10
2013-09-19 18:26:33,Human,Channeler,Female,Tarabon,16,16,19,16,9
2013-09-19 18:26:32,Human,Channeler,Female,Tarabon,11,14,19,14,14
2013-09-19 18:26:32,Human,Channeler,Female,Tarabon,15,17,15,14,10
2013-09-19 18:26:31,Human,Channeler,Female,Tarabon,12,16,19,14,11
2013-09-19 18:26:31,Human,Channeler,Female,Tarabon,15,15,15,14,13
2013-09-19 18:26:30,Human,Channeler,Female,Tarabon,15,14,19,18,10
2013-09-19 18:26:30,Human,Channeler,Female,Tarabon,12,14,17,18,14
2013-09-19 18:26:29,Human,Channeler,Female,Tarabon,11,14,16,15,14
2013-09-19 18:26:29,Human,Channeler,Female,Tarabon,12,14,19,14,12
2013-09-19 18:26:29,Human,Channeler,Female,Tarabon,12,17,19,16,10
2013-09-19 18:26:28,Human,Channeler,Female,Tarabon,12,14,15,17,14
2013-09-19 18:26:28,Human,Channeler,Female,Tarabon,15,14,19,14,9
2013-09-19 18:26:27,Human,Channeler,Female,Tarabon,16,14,19,14,10
2013-09-19 18:26:27,Human,Channeler,Female,Tarabon,11,17,18,14,12
2013-09-19 18:26:26,Human,Channeler,Female,Tarabon,15,17,15,14,9
2013-09-19 18:26:26,Human,Channeler,Female,Tarabon,14,18,18,16,10
2013-09-19 18:26:25,Human,Channeler,Female,Tarabon,15,18,15,14,10
2013-09-19 18:26:25,Human,Channeler,Female,Tarabon,14,18,15,14,10
2013-09-19 18:26:24,Human,Channeler,Female,Tarabon,11,16,19,14,12
2013-09-19 18:26:23,Human,Channeler,Female,Tarabon,12,17,19,14,11
2013-09-19 18:26:22,Human,Channeler,Female,Tarabon,12,18,14,14,14
2013-09-19 18:26:22,Human,Channeler,Female,Tarabon,15,18,15,13,12
2013-09-19 18:26:21,Human,Channeler,Female,Tarabon,13,17,18,14,11
2013-09-19 18:26:21,Human,Channeler,Female,Tarabon,12,14,19,15,10
2013-09-19 18:26:21,Human,Channeler,Female,Tarabon,15,18,17,14,10
2013-09-19 18:26:20,Human,Channeler,Female,Tarabon,16,16,15,14,10
2013-09-19 18:26:19,Human,Channeler,Female,Tarabon,13,17,16,16,10
2013-09-19 18:26:19,Human,Channeler,Female,Tarabon,16,17,14,17,13
2013-09-19 18:26:18,Human,Channeler,Female,Tarabon,16,14,15,17,10
2013-09-19 18:26:18,Human,Channeler,Female,Tarabon,14,18,15,15,13
2013-09-19 18:26:17,Human,Channeler,Female,Tarabon,13,17,15,14,11
2013-09-19 18:26:17,Human,Channeler,Female,Tarabon,12,17,15,16,13
2013-09-19 18:26:17,Human,Channeler,Female,Tarabon,15,18,15,18,10
2013-09-19 18:26:15,Human,Channeler,Female,Tarabon,16,13,19,15,11
2013-09-19 18:26:15,Human,Channeler,Female,Tarabon,16,18,14,14,9
2013-09-19 18:26:13,Human,Channeler,Female,Tarabon,16,14,15,14,14
2013-09-19 18:26:12,Human,Channeler,Female,Tarabon,13,18,16,17,10
2013-09-19 18:26:12,Human,Channeler,Female,Tarabon,16,13,17,17,10
2013-09-19 18:26:11,Human,Channeler,Female,Tarabon,11,18,15,17,10
2013-09-19 18:26:11,Human,Channeler,Female,Tarabon,11,17,16,16,10
2013-09-19 18:26:10,Human,Channeler,Female,Tarabon,12,17,15,13,13
2013-09-19 18:26:10,Human,Channeler,Female,Tarabon,14,13,15,17,12
2013-09-19 18:26:10,Human,Channeler,Female,Tarabon,12,15,19,14,13
2013-09-19 18:26:09,Human,Channeler,Female,Tarabon,16,14,15,14,14
2013-09-19 18:26:09,Human,Channeler,Female,Tarabon,16,14,17,16,10
2013-09-19 18:26:08,Human,Channeler,Female,Tarabon,12,17,19,13,12
2013-09-19 18:26:08,Human,Channeler,Female,Tarabon,12,14,17,16,14
2013-09-19 18:26:07,Human,Channeler,Female,Tarabon,12,18,15,17,10
2013-09-19 18:26:07,Human,Channeler,Female,Tarabon,16,15,16,17,12
2013-09-19 18:26:06,Human,Channeler,Female,Tarabon,12,18,17,14,11
2013-09-19 18:26:06,Human,Channeler,Female,Tarabon,16,17,19,14,10
2013-09-19 18:26:06,Human,Channeler,Female,Tarabon,12,18,15,14,12
2013-09-19 18:26:05,Human,Channeler,Female,Tarabon,12,14,19,18,12
2013-09-19 18:26:05,Human,Channeler,Female,Tarabon,15,15,15,16,10
2013-09-19 18:26:04,Human,Channeler,Female,Tarabon,14,14,15,18,10
2013-09-19 18:26:03,Human,Channeler,Female,Tarabon,14,16,16,14,11
2013-09-19 18:26:03,Human,Channeler,Female,Tarabon,16,16,15,13,10
2013-09-19 18:26:02,Human,Channeler,Female,Tarabon,15,18,15,18,10
2013-09-19 18:26:02,Human,Channeler,Female,Tarabon,12,17,16,14,14
2013-09-19 18:26:01,Human,Channeler,Female,Tarabon,12,17,16,16,10
2013-09-19 18:26:01,Human,Channeler,Female,Tarabon,11,18,15,13,14
2013-09-19 18:26:00,Human,Channeler,Female,Tarabon,12,14,14,18,14
2013-09-19 18:26:00,Human,Channeler,Female,Tarabon,15,14,17,16,10
2013-09-19 18:25:59,Human,Channeler,Female,Tarabon,12,15,16,18,12
2013-09-19 18:25:59,Human,Channeler,Female,Tarabon,12,18,15,15,10
2013-09-19 18:25:58,Human,Channeler,Female,Tarabon,16,15,15,14,13
2013-09-19 18:25:58,Human,Channeler,Female,Tarabon,11,15,19,14,13
2013-09-19 18:25:58,Human,Channeler,Female,Tarabon,14,18,15,15,9
2013-09-19 18:25:57,Human,Channeler,Female,Tarabon,12,14,17,18,12
2013-09-19 18:25:57,Human,Channeler,Female,Tarabon,14,15,15,17,9
2013-09-19 18:25:56,Human,Channeler,Female,Tarabon,12,16,19,14,10
2013-09-19 18:25:56,Human,Channeler,Female,Tarabon,12,18,17,16,10
2013-09-19 18:25:55,Human,Channeler,Female,Tarabon,16,13,17,14,10
2013-09-19 18:25:55,Human,Channeler,Female,Tarabon,15,18,15,14,9
2013-09-19 18:25:54,Human,Channeler,Female,Tarabon,11,15,18,15,12
2013-09-19 18:25:54,Human,Channeler,Female,Tarabon,14,14,15,18,12
2013-09-19 18:25:53,Human,Channeler,Female,Tarabon,15,14,15,17,10
2013-09-19 18:25:53,Human,Channeler,Female,Tarabon,16,17,15,14,9
2013-09-19 18:25:53,Human,Channeler,Female,Tarabon,13,17,19,14,10
2013-09-19 18:25:52,Human,Channeler,Female,Tarabon,15,16,18,14,10
2013-09-19 18:25:52,Human,Channeler,Female,Tarabon,15,17,16,15,12
2013-09-19 18:25:51,Human,Channeler,Female,Tarabon,12,17,17,16,9
2013-09-19 18:25:51,Human,Channeler,Female,Tarabon,12,14,14,16,14
2013-09-19 18:25:51,Human,Channeler,Female,Tarabon,15,14,16,14,14
2013-09-19 18:25:50,Human,Channeler,Female,Tarabon,12,16,16,16,10
2013-09-19 18:25:49,Human,Channeler,Female,Tarabon,15,15,14,13,13
2013-09-19 18:25:49,Human,Channeler,Female,Tarabon,16,17,15,14,11
2013-09-19 18:25:48,Human,Channeler,Female,Tarabon,13,14,18,14,13
2013-09-19 18:25:48,Human,Channeler,Female,Tarabon,11,14,19,14,14
2013-09-19 18:25:47,Human,Channeler,Female,Tarabon,12,14,15,18,14
2013-09-19 18:25:47,Human,Channeler,Female,Tarabon,11,15,15,16,13
2013-09-19 18:25:47,Human,Channeler,Female,Tarabon,16,14,16,13,11
2013-09-19 18:25:46,Human,Channeler,Female,Tarabon,12,17,19,15,10
2013-09-19 18:25:46,Human,Channeler,Female,Tarabon,16,13,19,14,10
2013-09-19 18:25:46,Human,Channeler,Female,Tarabon,15,15,17,18,10
2013-09-19 18:25:45,Human,Channeler,Female,Tarabon,16,18,14,14,10
2013-09-19 18:25:45,Human,Channeler,Female,Tarabon,16,18,15,17,14
2013-09-19 18:25:44,Human,Channeler,Female,Tarabon,13,14,18,18,10
2013-09-19 18:25:44,Human,Channeler,Female,Tarabon,11,17,18,14,13
2013-09-19 18:25:43,Human,Channeler,Female,Tarabon,14,16,18,15,12
2013-09-19 18:25:42,Human,Channeler,Female,Tarabon,14,14,15,17,10
2013-09-19 18:25:42,Human,Channeler,Female,Tarabon,15,17,15,14,13
2013-09-19 18:25:41,Human,Channeler,Female,Tarabon,11,18,17,14,14
2013-09-19 18:25:41,Human,Channeler,Female,Tarabon,16,14,16,14,10
2013-09-19 18:25:40,Human,Channeler,Female,Tarabon,12,18,14,14,13
2013-09-19 18:25:40,Human,Channeler,Female,Tarabon,12,18,15,13,12
2013-09-19 18:25:40,Human,Channeler,Female,Tarabon,16,14,19,17,9
2013-09-19 18:25:39,Human,Channeler,Female,Tarabon,16,13,15,14,12
2013-09-19 18:25:38,Human,Channeler,Female,Tarabon,16,14,14,18,13
2013-09-19 18:25:37,Human,Channeler,Female,Tarabon,11,14,17,16,12
2013-09-19 18:25:37,Human,Channeler,Female,Tarabon,13,14,19,16,13
2013-09-19 18:25:36,Human,Channeler,Female,Tarabon,13,18,15,16,10
2013-09-19 18:25:36,Human,Channeler,Female,Tarabon,15,13,15,17,10
2013-09-19 18:25:35,Human,Channeler,Female,Tarabon,13,17,18,14,13
2013-09-19 18:25:35,Human,Channeler,Female,Tarabon,12,16,18,14,10
2013-09-19 18:25:35,Human,Channeler,Female,Tarabon,12,18,17,17,10
2013-09-19 18:25:34,Human,Channeler,Female,Tarabon,12,17,18,14,10
2013-09-19 18:25:33,Human,Channeler,Female,Tarabon,12,17,19,14,9
2013-09-19 18:25:32,Human,Channeler,Female,Tarabon,14,16,15,16,12
2013-09-19 18:25:32,Human,Channeler,Female,Tarabon,16,16,18,13,13
2013-09-19 18:25:32,Human,Channeler,Female,Tarabon,15,14,15,16,11
2013-09-19 18:25:31,Human,Channeler,Female,Tarabon,13,14,18,15,11
2013-09-19 18:25:30,Human,Channeler,Female,Tarabon,12,17,15,18,9
2013-09-19 18:25:30,Human,Channeler,Female,Tarabon,14,14,17,18,10
2013-09-19 18:25:29,Human,Channeler,Female,Tarabon,12,17,19,15,9
2013-09-19 18:25:29,Human,Channeler,Female,Tarabon,12,18,14,15,13
2013-09-19 18:25:29,Human,Channeler,Female,Tarabon,13,17,15,16,10
2013-09-19 18:25:28,Human,Channeler,Female,Tarabon,11,14,19,16,10
2013-09-19 18:25:28,Human,Channeler,Female,Tarabon,16,14,15,14,14
2013-09-19 18:25:27,Human,Channeler,Female,Tarabon,12,13,14,18,14
2013-09-19 18:25:27,Human,Channeler,Female,Tarabon,16,14,16,16,9
2013-09-19 18:25:26,Human,Channeler,Female,Tarabon,13,14,18,14,14
2013-09-19 18:25:26,Human,Channeler,Female,Tarabon,12,14,17,18,11
2013-09-19 18:25:26,Human,Channeler,Female,Tarabon,14,18,15,14,10
2013-09-19 18:25:25,Human,Channeler,Female,Tarabon,12,17,15,17,10
2013-09-19 18:25:25,Human,Channeler,Female,Tarabon,14,14,15,18,12
2013-09-19 18:25:24,Human,Channeler,Female,Tarabon,14,15,14,17,13
2013-09-19 18:25:24,Human,Channeler,Female,Tarabon,12,18,15,15,14
2013-09-19 18:25:23,Human,Channeler,Female,Tarabon,12,16,17,18,10
2013-09-19 18:25:23,Human,Channeler,Female,Tarabon,12,16,15,18,10
2013-09-19 18:25:23,Human,Channeler,Female,Tarabon,16,14,19,14,10
2013-09-19 18:25:22,Human,Channeler,Female,Tarabon,14,14,18,16,10
2013-09-19 18:25:22,Human,Channeler,Female,Tarabon,14,14,15,18,10
2013-09-19 18:25:21,Human,Channeler,Female,Tarabon,15,14,19,14,10
2013-09-19 18:25:21,Human,Channeler,Female,Tarabon,16,13,19,15,9
2013-09-19 18:25:21,Human,Channeler,Female,Tarabon,11,17,19,18,10
2013-09-19 18:25:20,Human,Channeler,Female,Tarabon,12,13,15,16,14
2013-09-19 18:25:20,Human,Channeler,Female,Tarabon,15,14,17,18,13
2013-09-19 18:25:19,Human,Channeler,Female,Tarabon,11,16,17,17,13
2013-09-19 18:25:19,Human,Channeler,Female,Tarabon,12,18,15,14,13
2013-09-19 18:25:18,Human,Channeler,Female,Tarabon,15,14,15,14,12
2013-09-19 18:25:18,Human,Channeler,Female,Tarabon,12,18,19,16,13
2013-09-19 18:25:17,Human,Channeler,Female,Tarabon,12,14,19,13,13
2013-09-19 18:25:17,Human,Channeler,Female,Tarabon,14,17,19,14,10
2013-09-19 18:25:17,Human,Channeler,Female,Tarabon,12,18,15,18,10
2013-09-19 18:25:16,Human,Channeler,Female,Tarabon,12,18,16,14,14
2013-09-19 18:25:16,Human,Channeler,Female,Tarabon,16,17,16,14,10
2013-09-19 18:25:15,Human,Channeler,Female,Tarabon,12,16,18,14,10
2013-09-19 18:25:15,Human,Channeler,Female,Tarabon,14,14,19,17,10
2013-09-19 18:25:14,Human,Channeler,Female,Tarabon,12,13,19,16,13
2013-09-19 18:25:14,Human,Channeler,Female,Tarabon,16,14,15,15,10
2013-09-19 18:25:14,Human,Channeler,Female,Tarabon,16,14,16,13,12
2013-09-19 18:25:13,Human,Channeler,Female,Tarabon,14,14,19,16,14
2013-09-19 18:25:13,Human,Channeler,Female,Tarabon,12,17,17,18,10
2013-09-19 18:25:12,Human,Channeler,Female,Tarabon,14,15,17,13,14
2013-09-19 18:25:11,Human,Channeler,Female,Tarabon,13,14,19,14,14
2013-09-19 18:25:11,Human,Channeler,Female,Tarabon,15,14,15,18,10
2013-09-19 18:25:11,Human,Channeler,Female,Tarabon,16,15,15,16,10
2013-09-19 18:25:10,Human,Channeler,Female,Tarabon,11,14,19,18,9
2013-09-19 18:25:10,Human,Channeler,Female,Tarabon,14,18,16,15,11
2013-09-19 18:25:09,Human,Channeler,Female,Tarabon,13,14,17,13,14
2013-09-19 18:25:09,Human,Channeler,Female,Tarabon,13,14,14,16,14
2013-09-19 18:25:09,Human,Channeler,Female,Tarabon,15,13,15,16,11
2013-09-19 18:25:08,Human,Channeler,Female,Tarabon,13,15,15,14,13
2013-09-19 18:25:07,Human,Channeler,Female,Tarabon,16,16,16,18,10
2013-09-19 18:25:07,Human,Channeler,Female,Tarabon,12,14,18,17,9
2013-09-19 18:25:06,Human,Channeler,Female,Tarabon,12,18,19,18,12
2013-09-19 18:25:06,Human,Channeler,Female,Tarabon,11,18,18,14,14
2013-09-19 18:25:06,Human,Channeler,Female,Tarabon,12,18,15,14,13
2013-09-19 18:25:05,Human,Channeler,Female,Tarabon,12,17,15,16,10
2013-09-19 18:25:04,Human,Channeler,Female,Tarabon,15,14,18,14,13
2013-09-19 18:25:03,Human,Channeler,Female,Tarabon,12,18,15,17,12
2013-09-19 18:25:03,Human,Channeler,Female,Tarabon,15,14,15,14,14
2013-09-19 18:25:02,Human,Channeler,Female,Tarabon,12,14,15,17,12
2013-09-19 18:25:02,Human,Channeler,Female,Tarabon,12,14,15,16,13
2013-09-19 18:25:01,Human,Channeler,Female,Tarabon,15,18,15,14,10
2013-09-19 18:25:00,Human,Channeler,Female,Tarabon,11,16,15,14,14
2013-09-19 18:24:59,Human,Channeler,Female,Tarabon,16,17,15,14,13
2013-09-19 18:24:59,Human,Channeler,Female,Tarabon,14,18,14,13,14
2013-09-19 18:24:59,Human,Channeler,Female,Tarabon,15,14,19,14,14
2013-09-19 18:24:58,Human,Channeler,Female,Tarabon,16,14,15,16,9
2013-09-19 18:24:58,Human,Channeler,Female,Tarabon,16,14,15,14,12
2013-09-19 18:24:57,Human,Channeler,Female,Tarabon,12,17,15,15,13
2013-09-19 18:24:57,Human,Channeler,Female,Tarabon,13,15,19,14,13
2013-09-19 18:24:56,Human,Channeler,Female,Tarabon,16,14,14,15,13
2013-09-19 18:24:56,Human,Channeler,Female,Tarabon,12,14,18,18,9
2013-09-19 18:24:56,Human,Channeler,Female,Tarabon,12,14,18,14,13
2013-09-19 18:24:55,Human,Channeler,Female,Tarabon,12,17,17,18,10
2013-09-19 18:24:54,Human,Channeler,Female,Tarabon,12,15,15,18,10
2013-09-19 18:24:54,Human,Channeler,Female,Tarabon,15,14,14,18,12
2013-09-19 18:24:53,Human,Channeler,Female,Tarabon,16,17,16,16,13
2013-09-19 18:24:53,Human,Channeler,Female,Tarabon,12,16,15,14,13
2013-09-19 18:24:52,Human,Channeler,Female,Tarabon,15,13,15,14,13
2013-09-19 18:24:52,Human,Channeler,Female,Tarabon,12,18,15,13,12
2013-09-19 18:24:52,Human,Channeler,Female,Tarabon,12,17,19,14,10
2013-09-19 18:24:51,Human,Channeler,Female,Tarabon,12,18,16,15,10
2013-09-19 18:24:50,Human,Channeler,Female,Tarabon,12,14,14,16,14
2013-09-19 18:24:50,Human,Channeler,Female,Tarabon,12,17,17,14,10
2013-09-19 18:24:49,Human,Channeler,Female,Tarabon,15,16,15,15,9
2013-09-19 18:24:49,Human,Channeler,Female,Tarabon,16,14,18,17,13
2013-09-19 18:24:49,Human,Channeler,Female,Tarabon,11,18,15,14,13
2013-09-19 18:24:48,Human,Channeler,Female,Tarabon,12,16,15,18,13
2013-09-19 18:24:48,Human,Channeler,Female,Tarabon,15,13,19,14,11
2013-09-19 18:24:47,Human,Channeler,Female,Tarabon,16,15,18,13,13
2013-09-19 18:24:47,Human,Channeler,Female,Tarabon,16,14,15,16,11
2013-09-19 18:24:46,Human,Channeler,Female,Tarabon,12,14,15,17,12
2013-09-19 18:24:46,Human,Channeler,Female,Tarabon,15,15,16,17,9
2013-09-19 18:24:45,Human,Channeler,Female,Tarabon,15,18,19,15,10
2013-09-19 18:24:45,Human,Channeler,Female,Tarabon,16,18,15,18,13
2013-09-19 18:24:44,Human,Channeler,Female,Tarabon,15,16,15,14,10
2013-09-19 18:24:44,Human,Channeler,Female,Tarabon,15,14,19,18,10
2013-09-19 18:24:44,Human,Channeler,Female,Tarabon,11,14,18,18,10
2013-09-19 18:24:43,Human,Channeler,Female,Tarabon,11,17,15,18,10
2013-09-19 18:24:43,Human,Channeler,Female,Tarabon,12,17,15,13,14
2013-09-19 18:24:42,Human,Channeler,Female,Tarabon,12,16,18,14,14
2013-09-19 18:24:42,Human,Channeler,Female,Tarabon,13,18,17,13,12
2013-09-19 18:24:41,Human,Channeler,Female,Tarabon,16,18,19,18,9
2013-09-19 18:24:41,Human,Channeler,Female,Tarabon,12,16,16,18,10
2013-09-19 18:24:40,Human,Channeler,Female,Tarabon,11,17,15,16,13
2013-09-19 18:24:40,Human,Channeler,Female,Tarabon,12,14,19,18,12
2013-09-19 18:24:40,Human,Channeler,Female,Tarabon,14,16,15,18,13
2013-09-19 18:24:39,Human,Channeler,Female,Tarabon,16,17,15,16,12
2013-09-19 18:24:39,Human,Channeler,Female,Tarabon,16,14,18,13,10
2013-09-19 18:24:38,Human,Channeler,Female,Tarabon,12,16,17,14,11
2013-09-19 18:24:38,Human,Channeler,Female,Tarabon,14,17,16,14,10
2013-09-19 18:24:37,Human,Channeler,Female,Tarabon,12,14,17,17,10
2013-09-19 18:24:37,Human,Channeler,Female,Tarabon,12,14,19,14,14
2013-09-19 18:24:36,Human,Channeler,Female,Tarabon,16,14,17,14,9
2013-09-19 18:24:35,Human,Channeler,Female,Tarabon,16,18,16,14,14
2013-09-19 18:24:35,Human,Channeler,Female,Tarabon,13,14,15,15,13
2013-09-19 18:24:34,Human,Channeler,Female,Tarabon,12,18,15,15,12
2013-09-19 18:24:34,Human,Channeler,Female,Tarabon,12,18,17,16,10
2013-09-19 18:24:33,Human,Channeler,Female,Tarabon,14,18,14,14,11
2013-09-19 18:24:33,Human,Channeler,Female,Tarabon,12,15,19,14,10
2013-09-19 18:24:33,Human,Channeler,Female,Tarabon,14,15,16,13,13
2013-09-19 18:24:32,Human,Channeler,Female,Tarabon,12,15,18,14,12
2013-09-19 18:24:32,Human,Channeler,Female,Tarabon,12,17,15,17,11
2013-09-19 18:24:31,Human,Channeler,Female,Tarabon,16,17,15,14,10
2013-09-19 18:24:31,Human,Channeler,Female,Tarabon,13,18,15,15,9
2013-09-19 18:24:31,Human,Channeler,Female,Tarabon,16,15,15,18,12
2013-09-19 18:24:29,Human,Channeler,Female,Tarabon,12,15,15,18,10
2013-09-19 18:24:29,Human,Channeler,Female,Tarabon,14,15,17,14,10
2013-09-19 18:24:28,Human,Channeler,Female,Tarabon,12,16,15,17,14
2013-09-19 18:24:28,Human,Channeler,Female,Tarabon,12,17,18,14,11
2013-09-19 18:24:28,Human,Channeler,Female,Tarabon,12,14,15,17,13
2013-09-19 18:24:27,Human,Channeler,Female,Tarabon,12,18,15,14,14
2013-09-19 18:24:27,Human,Channeler,Female,Tarabon,12,17,18,14,14
2013-09-19 18:24:26,Human,Channeler,Female,Tarabon,15,14,19,15,13
2013-09-19 18:24:26,Human,Channeler,Female,Tarabon,15,16,17,18,14
2013-09-19 18:24:25,Human,Channeler,Female,Tarabon,11,15,16,14,14
2013-09-19 18:24:24,Human,Channeler,Female,Tarabon,16,14,17,17,12
2013-09-19 18:24:24,Human,Channeler,Female,Tarabon,15,16,19,15,10
2013-09-19 18:24:23,Human,Channeler,Female,Tarabon,12,15,16,17,13
2013-09-19 18:24:23,Human,Channeler,Female,Tarabon,14,14,18,14,10
2013-09-19 18:24:23,Human,Channeler,Female,Tarabon,13,15,17,16,10
2013-09-19 18:24:22,Human,Channeler,Female,Tarabon,12,14,19,18,12
2013-09-19 18:24:22,Human,Channeler,Female,Tarabon,11,18,18,14,11
2013-09-19 18:24:21,Human,Channeler,Female,Tarabon,12,14,18,16,10
2013-09-19 18:24:20,Human,Channeler,Female,Tarabon,12,18,15,18,13
2013-09-19 18:24:20,Human,Channeler,Female,Tarabon,12,18,14,14,12
2013-09-19 18:24:19,Human,Channeler,Female,Tarabon,12,17,14,18,9
2013-09-19 18:24:19,Human,Channeler,Female,Tarabon,11,17,16,17,14
2013-09-19 18:24:18,Human,Channeler,Female,Tarabon,12,13,15,17,13
2013-09-19 18:24:18,Human,Channeler,Female,Tarabon,12,16,18,14,10
2013-09-19 18:24:17,Human,Channeler,Female,Tarabon,13,17,19,14,12
2013-09-19 18:24:16,Human,Channeler,Female,Tarabon,12,17,19,16,10
2013-09-19 18:24:16,Human,Channeler,Female,Tarabon,12,17,16,18,10
2013-09-19 18:24:15,Human,Channeler,Female,Tarabon,12,18,14,17,14
2013-09-19 18:24:15,Human,Channeler,Female,Tarabon,12,14,15,18,13
2013-09-19 18:24:14,Human,Channeler,Female,Tarabon,16,17,16,14,11
2013-09-19 18:24:13,Human,Channeler,Female,Tarabon,16,13,15,16,12
2013-09-19 18:24:13,Human,Channeler,Female,Tarabon,11,13,19,14,14
2013-09-19 18:24:12,Human,Channeler,Female,Tarabon,15,15,19,15,10
2013-09-19 18:24:11,Human,Channeler,Female,Tarabon,12,17,17,16,10
2013-09-19 18:24:11,Human,Channeler,Female,Tarabon,14,14,18,14,12
2013-09-19 18:24:10,Human,Channeler,Female,Tarabon,12,14,15,16,14
2013-09-19 18:24:10,Human,Channeler,Female,Tarabon,16,16,17,16,11
2013-09-19 18:24:07,Human,Channeler,Female,Tarabon,12,13,19,18,10
2013-09-19 18:24:07,Human,Channeler,Female,Tarabon,16,14,17,18,9
2013-09-19 18:24:07,Human,Channeler,Female,Tarabon,13,13,15,17,12
2013-09-19 18:24:06,Human,Channeler,Female,Tarabon,12,14,19,14,14
2013-09-19 18:24:06,Human,Channeler,Female,Tarabon,13,14,19,14,10
2013-09-19 18:24:05,Human,Channeler,Female,Tarabon,13,14,19,14,10
2013-09-19 18:24:05,Human,Channeler,Female,Tarabon,12,14,19,17,10
2013-09-19 18:24:04,Human,Channeler,Female,Tarabon,14,16,19,14,10
2013-09-19 18:24:04,Human,Channeler,Female,Tarabon,15,14,14,14,14
2013-09-19 18:24:03,Human,Channeler,Female,Tarabon,16,18,15,14,10
2013-09-19 18:24:03,Human,Channeler,Female,Tarabon,12,18,15,17,9
2013-09-19 18:24:03,Human,Channeler,Female,Tarabon,14,18,15,17,9
2013-09-19 18:24:02,Human,Channeler,Female,Tarabon,11,17,15,17,10
2013-09-19 18:24:02,Human,Channeler,Female,Tarabon,12,16,18,17,13
2013-09-19 18:24:01,Human,Channeler,Female,Tarabon,16,14,15,17,10
2013-09-19 18:24:00,Human,Channeler,Female,Tarabon,16,15,15,18,10
2013-09-19 18:24:00,Human,Channeler,Female,Tarabon,12,14,19,16,12
2013-09-19 18:23:59,Human,Channeler,Female,Tarabon,16,15,15,14,10
2013-09-19 18:23:59,Human,Channeler,Female,Tarabon,14,16,17,13,10
2013-09-19 18:23:58,Human,Channeler,Female,Tarabon,12,17,17,17,11
2013-09-19 18:23:58,Human,Channeler,Female,Tarabon,15,14,15,16,10
2013-09-19 18:23:57,Human,Channeler,Female,Tarabon,13,18,14,15,10
2013-09-19 18:23:57,Human,Channeler,Female,Tarabon,15,18,15,15,10
2013-09-19 18:23:57,Human,Channeler,Female,Tarabon,16,14,19,16,10
2013-09-19 18:23:56,Human,Channeler,Female,Tarabon,11,18,18,14,9
2013-09-19 18:23:56,Human,Channeler,Female,Tarabon,15,13,18,14,10
2013-09-19 18:23:55,Human,Channeler,Female,Tarabon,12,17,17,15,12
2013-09-19 18:23:55,Human,Channeler,Female,Tarabon,13,18,17,13,14
2013-09-19 18:23:54,Human,Channeler,Female,Tarabon,12,15,19,15,10
2013-09-19 18:23:54,Human,Channeler,Female,Tarabon,14,17,15,14,10
2013-09-19 18:23:53,Human,Channeler,Female,Tarabon,12,14,19,17,10
2013-09-19 18:23:53,Human,Channeler,Female,Tarabon,15,16,15,17,12
2013-09-19 18:23:53,Human,Channeler,Female,Tarabon,12,18,19,17,13
2013-09-19 18:23:52,Human,Channeler,Female,Tarabon,16,14,19,14,9
2013-09-19 18:23:52,Human,Channeler,Female,Tarabon,16,14,19,15,12
2013-09-19 18:23:51,Human,Channeler,Female,Tarabon,11,14,19,13,13
2013-09-19 18:23:51,Human,Channeler,Female,Tarabon,12,17,18,13,10
2013-09-19 18:23:51,Human,Channeler,Female,Tarabon,12,15,19,16,14
2013-09-19 18:23:50,Human,Channeler,Female,Tarabon,12,18,15,15,10
2013-09-19 18:23:50,Human,Channeler,Female,Tarabon,15,18,16,17,12
2013-09-19 18:23:49,Human,Channeler,Female,Tarabon,11,16,15,15,14
2013-09-19 18:23:49,Human,Channeler,Female,Tarabon,12,18,17,15,10
2013-09-19 18:23:48,Human,Channeler,Female,Tarabon,12,14,15,17,14
2013-09-19 18:23:48,Human,Channeler,Female,Tarabon,16,13,18,14,14
2013-09-19 18:23:48,Human,Channeler,Female,Tarabon,12,14,15,17,13
2013-09-19 18:23:47,Human,Channeler,Female,Tarabon,16,15,19,13,11
2013-09-19 18:23:47,Human,Channeler,Female,Tarabon,12,15,18,14,14
2013-09-19 18:23:46,Human,Channeler,Female,Tarabon,12,14,19,14,13
2013-09-19 18:23:46,Human,Channeler,Female,Tarabon,16,14,18,14,11
2013-09-19 18:23:46,Human,Channeler,Female,Tarabon,16,14,18,17,10
2013-09-19 18:23:45,Human,Channeler,Female,Tarabon,12,15,15,17,11
2013-09-19 18:23:45,Human,Channeler,Female,Tarabon,16,14,15,16,9
2013-09-19 18:23:44,Human,Channeler,Female,Tarabon,12,15,19,16,13
2013-09-19 18:23:44,Human,Channeler,Female,Tarabon,12,14,16,14,14
2013-09-19 18:23:44,Human,Channeler,Female,Tarabon,15,14,15,16,11
2013-09-19 18:23:43,Human,Channeler,Female,Tarabon,12,16,15,14,13
2013-09-19 18:23:43,Human,Channeler,Female,Tarabon,16,14,15,17,10
2013-09-19 18:23:42,Human,Channeler,Female,Tarabon,15,14,19,18,10
2013-09-19 18:23:42,Human,Channeler,Female,Tarabon,12,18,15,15,10
2013-09-19 18:23:41,Human,Channeler,Female,Tarabon,15,17,18,15,10
2013-09-19 18:23:41,Human,Channeler,Female,Tarabon,12,14,19,14,11
2013-09-19 18:23:41,Human,Channeler,Female,Tarabon,12,17,17,14,13
2013-09-19 18:23:40,Human,Channeler,Female,Tarabon,13,17,18,18,10
2013-09-19 18:23:40,Human,Channeler,Female,Tarabon,12,16,15,18,11
2013-09-19 18:23:39,Human,Channeler,Female,Tarabon,12,15,19,14,10
2013-09-19 18:23:38,Human,Channeler,Female,Tarabon,14,18,15,17,13
2013-09-19 18:23:38,Human,Channeler,Female,Tarabon,11,16,19,13,14
2013-09-19 18:23:37,Human,Channeler,Female,Tarabon,14,15,15,13,13
2013-09-19 18:23:37,Human,Channeler,Female,Tarabon,16,16,19,14,13
2013-09-19 18:23:37,Human,Channeler,Female,Tarabon,11,17,15,18,9
2013-09-19 18:23:36,Human,Channeler,Female,Tarabon,15,16,15,14,12
2013-09-19 18:23:36,Human,Channeler,Female,Tarabon,11,14,18,16,14
2013-09-19 18:23:35,Human,Channeler,Female,Tarabon,16,14,17,15,10
2013-09-19 18:23:35,Human,Channeler,Female,Tarabon,16,14,15,15,12
2013-09-19 18:23:35,Human,Channeler,Female,Tarabon,13,14,19,14,10
2013-09-19 18:23:34,Human,Channeler,Female,Tarabon,11,15,19,16,11
2013-09-19 18:23:34,Human,Channeler,Female,Tarabon,11,14,17,18,14
2013-09-19 18:23:33,Human,Channeler,Female,Tarabon,11,16,16,18,13
2013-09-19 18:23:33,Human,Channeler,Female,Tarabon,16,14,16,17,9
2013-09-19 18:23:32,Human,Channeler,Female,Tarabon,16,13,17,18,10
2013-09-19 18:23:32,Human,Channeler,Female,Tarabon,15,18,19,13,10
2013-09-19 18:23:32,Human,Channeler,Female,Tarabon,16,14,17,14,10
2013-09-19 18:23:31,Human,Channeler,Female,Tarabon,15,14,15,15,13
2013-09-19 18:23:31,Human,Channeler,Female,Tarabon,12,13,14,18,13
2013-09-19 18:23:30,Human,Channeler,Female,Tarabon,14,17,15,17,10
2013-09-19 18:23:30,Human,Channeler,Female,Tarabon,12,14,16,18,10
2013-09-19 18:23:29,Human,Channeler,Female,Tarabon,13,18,15,14,10
2013-09-19 18:23:29,Human,Channeler,Female,Tarabon,12,15,18,14,14
2013-09-19 18:23:28,Human,Channeler,Female,Tarabon,16,17,15,13,10
2013-09-19 18:23:28,Human,Channeler,Female,Tarabon,12,15,17,15,13
2013-09-19 18:23:27,Human,Channeler,Female,Tarabon,12,14,15,17,12
2013-09-19 18:23:26,Human,Channeler,Female,Tarabon,11,14,19,18,11
2013-09-19 18:23:26,Human,Channeler,Female,Tarabon,12,16,14,16,13
2013-09-19 18:23:26,Human,Channeler,Female,Tarabon,11,16,19,17,9
2013-09-19 18:23:25,Human,Channeler,Female,Tarabon,12,18,17,14,10
2013-09-19 18:23:25,Human,Channeler,Female,Tarabon,11,18,15,16,10
2013-09-19 18:23:24,Human,Channeler,Female,Tarabon,13,14,14,18,13
2013-09-19 18:23:24,Human,Channeler,Female,Tarabon,15,15,18,14,11
2013-09-19 18:23:23,Human,Channeler,Female,Tarabon,14,18,15,14,9
2013-09-19 18:23:23,Human,Channeler,Female,Tarabon,14,18,14,14,14
2013-09-19 18:23:22,Human,Channeler,Female,Tarabon,12,14,15,17,12
2013-09-19 18:23:21,Human,Channeler,Female,Tarabon,12,18,17,13,12
2013-09-19 18:23:21,Human,Channeler,Female,Tarabon,14,15,14,18,14
2013-09-19 18:23:21,Human,Channeler,Female,Tarabon,14,17,17,13,10
2013-09-19 18:23:20,Human,Channeler,Female,Tarabon,16,16,16,15,11
2013-09-19 18:23:20,Human,Channeler,Female,Tarabon,12,13,16,16,13
2013-09-19 18:23:19,Human,Channeler,Female,Tarabon,16,14,16,14,10
2013-09-19 18:23:19,Human,Channeler,Female,Tarabon,11,17,16,16,11
2013-09-19 18:23:18,Human,Channeler,Female,Tarabon,11,17,19,14,10
2013-09-19 18:23:18,Human,Channeler,Female,Tarabon,16,18,15,15,10
2013-09-19 18:23:17,Human,Channeler,Female,Tarabon,16,14,19,18,14
2013-09-19 18:23:17,Human,Channeler,Female,Tarabon,12,14,18,16,10
2013-09-19 18:23:17,Human,Channeler,Female,Tarabon,11,14,19,18,14
2013-09-19 18:23:16,Human,Channeler,Female,Tarabon,12,18,14,13,13
2013-09-19 18:23:16,Human,Channeler,Female,Tarabon,12,14,18,14,12
2013-09-19 18:23:15,Human,Channeler,Female,Tarabon,14,17,17,15,14
2013-09-19 18:23:14,Human,Channeler,Female,Tarabon,15,15,16,15,13
2013-09-19 18:23:14,Human,Channeler,Female,Tarabon,15,14,18,14,12
2013-09-19 18:23:13,Human,Channeler,Female,Tarabon,12,15,18,14,13
2013-09-19 18:23:13,Human,Channeler,Female,Tarabon,12,18,14,14,12
2013-09-19 18:23:12,Human,Channeler,Female,Tarabon,12,18,17,16,10
2013-09-19 18:23:11,Human,Channeler,Female,Tarabon,12,15,19,17,10
2013-09-19 18:23:11,Human,Channeler,Female,Tarabon,11,14,18,14,13
2013-09-19 18:23:10,Human,Channeler,Female,Tarabon,16,16,14,17,11
2013-09-19 18:23:10,Human,Channeler,Female,Tarabon,16,15,15,14,11
2013-09-19 18:23:10,Human,Channeler,Female,Tarabon,14,16,15,18,10
2013-09-19 18:23:09,Human,Channeler,Female,Tarabon,15,14,19,18,9
2013-09-19 18:23:08,Human,Channeler,Female,Tarabon,12,14,19,13,14
2013-09-19 18:23:08,Human,Channeler,Female,Tarabon,15,18,15,17,12
2013-09-19 18:23:08,Human,Channeler,Female,Tarabon,12,15,18,16,12
2013-09-19 18:23:07,Human,Channeler,Female,Tarabon,16,17,15,16,10
2013-09-19 18:23:07,Human,Channeler,Female,Tarabon,12,18,15,15,14
2013-09-19 18:23:06,Human,Channeler,Female,Tarabon,12,18,19,14,9
2013-09-19 18:23:06,Human,Channeler,Female,Tarabon,13,17,19,16,11
2013-09-19 18:23:05,Human,Channeler,Female,Tarabon,11,16,19,18,11
2013-09-19 18:23:05,Human,Channeler,Female,Tarabon,12,17,16,14,12
2013-09-19 18:23:04,Human,Channeler,Female,Tarabon,14,14,15,14,13
2013-09-19 18:23:04,Human,Channeler,Female,Tarabon,13,17,17,13,10
2013-09-19 18:23:03,Human,Channeler,Female,Tarabon,11,15,19,15,10
2013-09-19 18:23:02,Human,Channeler,Female,Tarabon,11,17,19,14,10
2013-09-19 18:23:02,Human,Channeler,Female,Tarabon,12,18,16,18,10
2013-09-19 18:23:02,Human,Channeler,Female,Tarabon,14,16,14,18,10
2013-09-19 18:23:01,Human,Channeler,Female,Tarabon,14,18,15,14,10
2013-09-19 18:23:00,Human,Channeler,Female,Tarabon,11,17,15,14,13
2013-09-19 18:22:59,Human,Channeler,Female,Tarabon,14,14,15,14,13
2013-09-19 18:22:59,Human,Channeler,Female,Tarabon,16,17,19,15,9
2013-09-19 18:22:58,Human,Channeler,Female,Tarabon,11,14,18,17,10
2013-09-19 18:22:57,Human,Channeler,Female,Tarabon,12,16,14,16,13
2013-09-19 18:22:57,Human,Channeler,Female,Tarabon,15,16,15,14,11
2013-09-19 18:22:56,Human,Channeler,Female,Tarabon,14,17,15,18,9
2013-09-19 18:22:56,Human,Channeler,Female,Tarabon,12,17,18,14,10
2013-09-19 18:22:55,Human,Channeler,Female,Tarabon,12,18,19,18,10
2013-09-19 18:22:55,Human,Channeler,Female,Tarabon,13,14,19,14,13
2013-09-19 18:22:54,Human,Channeler,Female,Tarabon,16,14,17,17,10
2013-09-19 18:22:54,Human,Channeler,Female,Tarabon,15,14,19,13,10
2013-09-19 18:22:53,Human,Channeler,Female,Tarabon,13,18,15,13,14
2013-09-19 18:22:52,Human,Channeler,Female,Tarabon,16,13,19,13,14
2013-09-19 18:22:52,Human,Channeler,Female,Tarabon,15,13,19,18,10
2013-09-19 18:22:52,Human,Channeler,Female,Tarabon,12,15,18,16,9
2013-09-19 18:22:51,Human,Channeler,Female,Tarabon,15,16,16,13,11
2013-09-19 18:22:51,Human,Channeler,Female,Tarabon,12,14,19,14,12
2013-09-19 18:22:50,Human,Channeler,Female,Tarabon,16,17,15,13,10
2013-09-19 18:22:50,Human,Channeler,Female,Tarabon,13,14,18,15,10
2013-09-19 18:22:50,Human,Channeler,Female,Tarabon,16,16,15,14,10
2013-09-19 18:22:49,Human,Channeler,Female,Tarabon,12,16,18,17,9
2013-09-19 18:22:49,Human,Channeler,Female,Tarabon,14,14,15,17,12
2013-09-19 18:22:48,Human,Channeler,Female,Tarabon,14,17,17,17,10
2013-09-19 18:22:48,Human,Channeler,Female,Tarabon,12,17,15,13,13
2013-09-19 18:22:47,Human,Channeler,Female,Tarabon,15,16,15,14,10
2013-09-19 18:22:47,Human,Channeler,Female,Tarabon,16,14,15,13,14
2013-09-19 18:22:47,Human,Channeler,Female,Tarabon,16,18,18,17,10
2013-09-19 18:22:46,Human,Channeler,Female,Tarabon,16,14,15,18,13
2013-09-19 18:22:46,Human,Channeler,Female,Tarabon,12,18,18,13,11
2013-09-19 18:22:45,Human,Channeler,Female,Tarabon,15,14,18,14,12
2013-09-19 18:22:45,Human,Channeler,Female,Tarabon,16,16,14,14,14
2013-09-19 18:22:44,Human,Channeler,Female,Tarabon,15,14,18,15,12
2013-09-19 18:22:44,Human,Channeler,Female,Tarabon,14,17,15,14,13
2013-09-19 18:22:43,Human,Channeler,Female,Tarabon,14,14,18,18,9
2013-09-19 18:22:42,Human,Channeler,Female,Tarabon,15,14,15,16,10
2013-09-19 18:22:42,Human,Channeler,Female,Tarabon,15,14,19,15,10
2013-09-19 18:22:41,Human,Channeler,Female,Tarabon,12,14,19,15,11
2013-09-19 18:22:41,Human,Channeler,Female,Tarabon,11,14,18,18,10
2013-09-19 18:22:40,Human,Channeler,Female,Tarabon,12,18,14,18,10
2013-09-19 18:22:40,Human,Channeler,Female,Tarabon,12,17,17,18,9
2013-09-19 18:22:39,Human,Channeler,Female,Tarabon,13,17,17,14,9
2013-09-19 18:22:39,Human,Channeler,Female,Tarabon,13,14,17,18,9
2013-09-19 18:22:39,Human,Channeler,Female,Tarabon,15,18,15,14,12
2013-09-19 18:22:38,Human,Channeler,Female,Tarabon,12,14,15,17,14
2013-09-19 18:22:37,Human,Channeler,Female,Tarabon,15,14,18,13,10
2013-09-19 18:22:37,Human,Channeler,Female,Tarabon,12,18,18,14,10
2013-09-19 18:22:36,Human,Channeler,Female,Tarabon,12,14,19,18,14
2013-09-19 18:22:36,Human,Channeler,Female,Tarabon,12,18,15,16,14
2013-09-19 18:22:36,Human,Channeler,Female,Tarabon,16,16,15,14,14
2013-09-19 18:22:35,Human,Channeler,Female,Tarabon,15,15,15,14,13
2013-09-19 18:22:35,Human,Channeler,Female,Tarabon,12,16,15,17,10
2013-09-19 18:22:34,Human,Channeler,Female,Tarabon,12,17,18,13,10
2013-09-19 18:22:34,Human,Channeler,Female,Tarabon,15,15,19,13,14
2013-09-19 18:22:33,Human,Channeler,Female,Tarabon,15,18,15,13,11
2013-09-19 18:22:33,Human,Channeler,Female,Tarabon,13,18,18,14,10
2013-09-19 18:22:32,Human,Channeler,Female,Tarabon,12,18,19,17,11
2013-09-19 18:22:32,Human,Channeler,Female,Tarabon,11,13,19,14,14
2013-09-19 18:22:32,Human,Channeler,Female,Tarabon,11,14,19,17,10
2013-09-19 18:22:31,Human,Channeler,Female,Tarabon,12,16,17,18,13
2013-09-19 18:22:31,Human,Channeler,Female,Tarabon,16,17,14,14,12
2013-09-19 18:22:30,Human,Channeler,Female,Tarabon,14,14,19,16,11
2013-09-19 18:22:30,Human,Channeler,Female,Tarabon,12,17,18,14,10
2013-09-19 18:22:30,Human,Channeler,Female,Tarabon,14,16,17,17,10
2013-09-19 18:22:29,Human,Channeler,Female,Tarabon,15,15,15,14,12
2013-09-19 18:22:29,Human,Channeler,Female,Tarabon,14,18,15,18,14
2013-09-19 18:22:28,Human,Channeler,Female,Tarabon,12,16,18,14,12
2013-09-19 18:22:28,Human,Channeler,Female,Tarabon,12,16,14,18,11
2013-09-19 18:22:28,Human,Channeler,Female,Tarabon,12,16,15,18,11
2013-09-19 18:22:27,Human,Channeler,Female,Tarabon,11,18,19,18,10
2013-09-19 18:22:27,Human,Channeler,Female,Tarabon,16,16,15,17,10
2013-09-19 18:22:26,Human,Channeler,Female,Tarabon,15,15,16,15,10
2013-09-19 18:22:26,Human,Channeler,Female,Tarabon,15,14,18,14,9
2013-09-19 18:22:25,Human,Channeler,Female,Tarabon,12,18,18,18,11
2013-09-19 18:22:25,Human,Channeler,Female,Tarabon,11,14,19,16,14
2013-09-19 18:22:24,Human,Channeler,Female,Tarabon,12,13,19,18,11
2013-09-19 18:22:24,Human,Channeler,Female,Tarabon,12,16,19,14,9
2013-09-19 18:22:23,Human,Channeler,Female,Tarabon,12,17,19,15,9
2013-09-19 18:22:23,Human,Channeler,Female,Tarabon,11,17,15,17,14
2013-09-19 18:22:23,Human,Channeler,Female,Tarabon,16,14,15,18,10
2013-09-19 18:22:22,Human,Channeler,Female,Tarabon,11,18,18,17,9
2013-09-19 18:22:22,Human,Channeler,Female,Tarabon,12,14,17,17,10
2013-09-19 18:22:21,Human,Channeler,Female,Tarabon,12,16,15,13,14
2013-09-19 18:22:21,Human,Channeler,Female,Tarabon,15,13,15,18,11
2013-09-19 18:22:21,Human,Channeler,Female,Tarabon,12,17,15,18,10
2013-09-19 18:22:20,Human,Channeler,Female,Tarabon,12,14,19,14,11
2013-09-19 18:22:19,Human,Channeler,Female,Tarabon,13,14,18,14,12
2013-09-19 18:22:19,Human,Channeler,Female,Tarabon,12,17,18,16,9
2013-09-19 18:22:19,Human,Channeler,Female,Tarabon,15,18,14,13,10
2013-09-19 18:22:18,Human,Channeler,Female,Tarabon,16,14,19,16,10
2013-09-19 18:22:17,Human,Channeler,Female,Tarabon,16,15,17,14,13
2013-09-19 18:22:17,Human,Channeler,Female,Tarabon,13,18,15,18,9
2013-09-19 18:22:16,Human,Channeler,Female,Tarabon,11,14,18,16,12
2013-09-19 18:22:16,Human,Channeler,Female,Tarabon,11,16,19,18,10
2013-09-19 18:22:15,Human,Channeler,Female,Tarabon,16,14,15,14,14
2013-09-19 18:22:15,Human,Channeler,Female,Tarabon,12,14,17,15,13
2013-09-19 18:22:15,Human,Channeler,Female,Tarabon,12,17,18,17,10
2013-09-19 18:22:14,Human,Channeler,Female,Tarabon,11,14,18,14,14
2013-09-19 18:22:14,Human,Channeler,Female,Tarabon,12,14,14,17,14
2013-09-19 18:22:13,Human,Channeler,Female,Tarabon,12,18,15,18,10
2013-09-19 18:22:13,Human,Channeler,Female,Tarabon,15,16,14,18,9
2013-09-19 18:22:12,Human,Channeler,Female,Tarabon,12,15,14,18,14
2013-09-19 18:22:12,Human,Channeler,Female,Tarabon,16,14,15,15,12
2013-09-19 18:22:11,Human,Channeler,Female,Tarabon,16,16,16,18,13
2013-09-19 18:22:10,Human,Channeler,Female,Tarabon,12,16,18,16,13
2013-09-19 18:22:10,Human,Channeler,Female,Tarabon,15,18,14,17,10
2013-09-19 18:22:09,Human,Channeler,Female,Tarabon,14,14,15,17,10
2013-09-19 18:22:09,Human,Channeler,Female,Tarabon,14,18,19,16,9
2013-09-19 18:22:08,Human,Channeler,Female,Tarabon,14,16,16,15,10
2013-09-19 18:22:08,Human,Channeler,Female,Tarabon,15,14,19,13,14
2013-09-19 18:22:07,Human,Channeler,Female,Tarabon,12,14,15,17,14
2013-09-19 18:22:06,Human,Channeler,Female,Tarabon,12,17,18,14,13
2013-09-19 18:22:06,Human,Channeler,Female,Tarabon,14,13,15,17,11
2013-09-19 18:22:06,Human,Channeler,Female,Tarabon,14,18,19,14,10
2013-09-19 18:22:05,Human,Channeler,Female,Tarabon,13,14,14,18,13
2013-09-19 18:22:05,Human,Channeler,Female,Tarabon,16,14,18,14,11
2013-09-19 18:22:04,Human,Channeler,Female,Tarabon,13,18,16,18,14
2013-09-19 18:22:04,Human,Channeler,Female,Tarabon,13,18,15,16,10
2013-09-19 18:22:03,Human,Channeler,Female,Tarabon,12,18,15,16,11
2013-09-19 18:22:03,Human,Channeler,Female,Tarabon,11,14,16,16,13
2013-09-19 18:22:01,Human,Channeler,Female,Tarabon,12,13,19,18,11
2013-09-19 18:22:01,Human,Channeler,Female,Tarabon,12,17,16,15,13
2013-09-19 18:22:01,Human,Channeler,Female,Tarabon,13,14,19,18,9
2013-09-19 18:22:00,Human,Channeler,Female,Tarabon,12,17,15,17,10
2013-09-19 18:22:00,Human,Channeler,Female,Tarabon,16,14,16,14,12
2013-09-19 18:21:59,Human,Channeler,Female,Tarabon,12,16,17,17,11
2013-09-19 18:21:59,Human,Channeler,Female,Tarabon,16,17,16,16,10
2013-09-19 18:21:58,Human,Channeler,Female,Tarabon,16,17,17,14,11
2013-09-19 18:21:57,Human,Channeler,Female,Tarabon,12,17,15,14,12
2013-09-19 18:21:57,Human,Channeler,Female,Tarabon,14,14,15,17,11
2013-09-19 18:21:56,Human,Channeler,Female,Tarabon,12,17,15,14,14
2013-09-19 18:21:56,Human,Channeler,Female,Tarabon,14,14,15,14,13
2013-09-19 18:21:55,Human,Channeler,Female,Tarabon,12,17,15,15,11
2013-09-19 18:21:55,Human,Channeler,Female,Tarabon,15,16,15,14,14
2013-09-19 18:21:54,Human,Channeler,Female,Tarabon,15,14,16,16,10
2013-09-19 18:21:54,Human,Channeler,Female,Tarabon,12,18,17,17,10
2013-09-19 18:21:54,Human,Channeler,Female,Tarabon,14,18,19,14,11
2013-09-19 18:21:53,Human,Channeler,Female,Tarabon,12,18,18,18,14
2013-09-19 18:21:53,Human,Channeler,Female,Tarabon,12,18,15,17,11
2013-09-19 18:21:52,Human,Channeler,Female,Tarabon,14,14,15,17,10
2013-09-19 18:21:52,Human,Channeler,Female,Tarabon,12,16,16,14,12
2013-09-19 18:21:52,Human,Channeler,Female,Tarabon,12,15,15,17,14
2013-09-19 18:21:51,Human,Channeler,Female,Tarabon,12,17,15,14,13
2013-09-19 18:21:51,Human,Channeler,Female,Tarabon,14,17,19,13,9
2013-09-19 18:21:50,Human,Channeler,Female,Tarabon,14,13,19,16,13
2013-09-19 18:21:50,Human,Channeler,Female,Tarabon,12,14,18,17,10
2013-09-19 18:21:50,Human,Channeler,Female,Tarabon,12,17,15,16,10
2013-09-19 18:21:49,Human,Channeler,Female,Tarabon,11,16,19,14,13
2013-09-19 18:21:48,Human,Channeler,Female,Tarabon,12,16,15,17,10
2013-09-19 18:21:48,Human,Channeler,Female,Tarabon,16,14,18,17,13
2013-09-19 18:21:48,Human,Channeler,Female,Tarabon,12,17,16,14,11
2013-09-19 18:21:47,Human,Channeler,Female,Tarabon,12,17,14,17,10
2013-09-19 18:21:47,Human,Channeler,Female,Tarabon,13,18,15,14,12
2013-09-19 18:21:46,Human,Channeler,Female,Tarabon,15,14,15,16,11
2013-09-19 18:21:46,Human,Channeler,Female,Tarabon,16,18,15,14,10
2013-09-19 18:21:46,Human,Channeler,Female,Tarabon,14,16,17,13,10
2013-09-19 18:21:45,Human,Channeler,Female,Tarabon,11,15,15,18,11
2013-09-19 18:21:45,Human,Channeler,Female,Tarabon,12,15,16,18,14
2013-09-19 18:21:44,Human,Channeler,Female,Tarabon,16,13,17,18,11
2013-09-19 18:21:44,Human,Channeler,Female,Tarabon,15,14,18,18,14
2013-09-19 18:21:44,Human,Channeler,Female,Tarabon,12,18,15,18,13
2013-09-19 18:21:43,Human,Channeler,Female,Tarabon,12,16,17,14,12
2013-09-19 18:21:43,Human,Channeler,Female,Tarabon,13,18,14,14,11
2013-09-19 18:21:42,Human,Channeler,Female,Tarabon,12,18,15,18,10
2013-09-19 18:21:41,Human,Channeler,Female,Tarabon,11,14,15,18,13
2013-09-19 18:21:41,Human,Channeler,Female,Tarabon,13,15,16,14,14
2013-09-19 18:21:40,Human,Channeler,Female,Tarabon,15,13,19,14,10
2013-09-19 18:21:40,Human,Channeler,Female,Tarabon,12,13,15,18,14
2013-09-19 18:21:39,Human,Channeler,Female,Tarabon,12,17,16,13,12
2013-09-19 18:21:39,Human,Channeler,Female,Tarabon,12,18,15,14,11
2013-09-19 18:21:39,Human,Channeler,Female,Tarabon,16,13,14,17,14
2013-09-19 18:21:38,Human,Channeler,Female,Tarabon,15,14,17,17,13
2013-09-19 18:21:38,Human,Channeler,Female,Tarabon,13,13,19,16,12
2013-09-19 18:21:37,Human,Channeler,Female,Tarabon,12,13,19,16,10
2013-09-19 18:21:37,Human,Channeler,Female,Tarabon,12,17,19,13,13
2013-09-19 18:21:37,Human,Channeler,Female,Tarabon,16,15,19,17,10
2013-09-19 18:21:36,Human,Channeler,Female,Tarabon,15,14,15,14,12
2013-09-19 18:21:36,Human,Channeler,Female,Tarabon,15,14,15,17,11
2013-09-19 18:21:35,Human,Channeler,Female,Tarabon,12,14,14,18,13
2013-09-19 18:21:35,Human,Channeler,Female,Tarabon,14,14,15,14,14
2013-09-19 18:21:34,Human,Channeler,Female,Tarabon,12,14,19,18,10
2013-09-19 18:21:34,Human,Channeler,Female,Tarabon,12,18,19,14,10
2013-09-19 18:21:34,Human,Channeler,Female,Tarabon,14,17,19,14,10
2013-09-19 18:21:33,Human,Channeler,Female,Tarabon,13,14,19,17,10
2013-09-19 18:21:33,Human,Channeler,Female,Tarabon,12,14,15,18,11
2013-09-19 18:21:32,Human,Channeler,Female,Tarabon,16,14,16,14,10
2013-09-19 18:21:32,Human,Channeler,Female,Tarabon,16,14,18,13,10
2013-09-19 18:21:32,Human,Channeler,Female,Tarabon,15,16,14,14,12
2013-09-19 18:21:31,Human,Channeler,Female,Tarabon,14,13,15,15,13
2013-09-19 18:21:31,Human,Channeler,Female,Tarabon,12,18,15,15,14
2013-09-19 18:21:30,Human,Channeler,Female,Tarabon,16,13,15,16,10
2013-09-19 18:21:30,Human,Channeler,Female,Tarabon,16,17,19,14,10
2013-09-19 18:21:30,Human,Channeler,Female,Tarabon,12,18,14,16,10
2013-09-19 18:21:29,Human,Channeler,Female,Tarabon,15,14,15,15,13
2013-09-19 18:21:29,Human,Channeler,Female,Tarabon,12,16,15,18,9
2013-09-19 18:21:28,Human,Channeler,Female,Tarabon,12,18,15,16,10
2013-09-19 18:21:28,Human,Channeler,Female,Tarabon,12,17,18,14,10
2013-09-19 18:21:28,Human,Channeler,Female,Tarabon,12,16,15,13,14
2013-09-19 18:21:27,Human,Channeler,Female,Tarabon,13,14,18,17,12
2013-09-19 18:21:26,Human,Channeler,Female,Tarabon,12,16,17,18,9
2013-09-19 18:21:25,Human,Channeler,Female,Tarabon,14,13,19,14,10
2013-09-19 18:21:24,Human,Channeler,Female,Tarabon,16,17,16,14,13
2013-09-19 18:21:24,Human,Channeler,Female,Tarabon,15,13,17,17,10
2013-09-19 18:21:23,Human,Channeler,Female,Tarabon,12,14,19,17,10
2013-09-19 18:21:23,Human,Channeler,Female,Tarabon,14,14,19,17,9
2013-09-19 18:21:23,Human,Channeler,Female,Tarabon,13,18,18,18,9
2013-09-19 18:21:22,Human,Channeler,Female,Tarabon,12,17,16,17,9
2013-09-19 18:21:22,Human,Channeler,Female,Tarabon,16,16,16,14,10
2013-09-19 18:21:21,Human,Channeler,Female,Tarabon,12,16,15,18,9
2013-09-19 18:21:21,Human,Channeler,Female,Tarabon,12,16,19,16,10
2013-09-19 18:21:21,Human,Channeler,Female,Tarabon,15,16,18,14,10
2013-09-19 18:21:20,Human,Channeler,Female,Tarabon,15,17,17,14,12
2013-09-19 18:21:20,Human,Channeler,Female,Tarabon,15,16,18,13,11
2013-09-19 18:21:19,Human,Channeler,Female,Tarabon,12,16,18,16,14
2013-09-19 18:21:19,Human,Channeler,Female,Tarabon,13,16,19,16,12
2013-09-19 18:21:18,Human,Channeler,Female,Tarabon,12,14,17,15,13
2013-09-19 18:21:18,Human,Channeler,Female,Tarabon,12,18,17,17,9
2013-09-19 18:21:17,Human,Channeler,Female,Tarabon,12,16,18,13,14
2013-09-19 18:21:16,Human,Channeler,Female,Tarabon,12,14,17,14,14
2013-09-19 18:21:16,Human,Channeler,Female,Tarabon,12,17,19,13,11
2013-09-19 18:21:16,Human,Channeler,Female,Tarabon,12,14,17,17,10
2013-09-19 18:21:15,Human,Channeler,Female,Tarabon,12,17,15,16,13
2013-09-19 18:21:14,Human,Channeler,Female,Tarabon,13,17,15,15,10
2013-09-19 18:21:14,Human,Channeler,Female,Tarabon,15,16,16,16,9
2013-09-19 18:21:13,Human,Channeler,Female,Tarabon,15,14,15,15,14
2013-09-19 18:21:12,Human,Channeler,Female,Tarabon,12,15,19,14,11
2013-09-19 18:21:12,Human,Channeler,Female,Tarabon,14,18,18,14,14
2013-09-19 18:21:12,Human,Channeler,Female,Tarabon,15,15,15,14,13
2013-09-19 18:21:11,Human,Channeler,Female,Tarabon,12,15,15,18,10
2013-09-19 18:21:11,Human,Channeler,Female,Tarabon,12,15,16,16,13
2013-09-19 18:21:10,Human,Channeler,Female,Tarabon,16,14,16,14,12
2013-09-19 18:21:10,Human,Channeler,Female,Tarabon,13,16,15,18,10
2013-09-19 18:21:09,Human,Channeler,Female,Tarabon,14,15,17,14,10
2013-09-19 18:21:09,Human,Channeler,Female,Tarabon,11,17,19,14,10
2013-09-19 18:21:08,Human,Channeler,Female,Tarabon,16,14,15,16,9
2013-09-19 18:21:08,Human,Channeler,Female,Tarabon,16,13,19,17,10
2013-09-19 18:21:08,Human,Channeler,Female,Tarabon,12,17,19,13,14
2013-09-19 18:21:07,Human,Channeler,Female,Tarabon,15,13,14,14,14
2013-09-19 18:21:07,Human,Channeler,Female,Tarabon,12,14,18,14,13
2013-09-19 18:21:06,Human,Channeler,Female,Tarabon,12,15,15,18,10
2013-09-19 18:21:06,Human,Channeler,Female,Tarabon,13,14,15,14,14
2013-09-19 18:21:05,Human,Channeler,Female,Tarabon,12,14,19,14,13
2013-09-19 18:21:05,Human,Channeler,Female,Tarabon,16,14,15,16,11
2013-09-19 18:21:04,Human,Channeler,Female,Tarabon,14,17,17,13,12
2013-09-19 18:21:04,Human,Channeler,Female,Tarabon,12,18,14,16,14
2013-09-19 18:21:03,Human,Channeler,Female,Tarabon,13,14,18,14,13
2013-09-19 18:21:03,Human,Channeler,Female,Tarabon,13,14,14,17,12
2013-09-19 18:21:02,Human,Channeler,Female,Tarabon,11,18,17,17,9
2013-09-19 18:21:02,Human,Channeler,Female,Tarabon,11,14,16,18,13
2013-09-19 18:21:02,Human,Channeler,Female,Tarabon,15,14,17,14,10
2013-09-19 18:21:01,Human,Channeler,Female,Tarabon,12,13,18,16,14
2013-09-19 18:21:00,Human,Channeler,Female,Tarabon,12,14,18,16,11
2013-09-19 18:21:00,Human,Channeler,Female,Tarabon,12,17,15,14,13
2013-09-19 18:20:59,Human,Channeler,Female,Tarabon,15,14,19,16,10
2013-09-19 18:20:59,Human,Channeler,Female,Tarabon,16,16,14,14,10
2013-09-19 18:20:58,Human,Channeler,Female,Tarabon,13,15,18,18,10
2013-09-19 18:20:58,Human,Channeler,Female,Tarabon,12,16,19,13,12
2013-09-19 18:20:57,Human,Channeler,Female,Tarabon,12,15,15,14,14
2013-09-19 18:20:56,Human,Channeler,Female,Tarabon,12,14,16,14,14
2013-09-19 18:20:55,Human,Channeler,Female,Tarabon,14,17,17,14,14
2013-09-19 18:20:55,Human,Channeler,Female,Tarabon,15,16,15,14,10
2013-09-19 18:20:55,Human,Channeler,Female,Tarabon,16,13,19,14,9
2013-09-19 18:20:54,Human,Channeler,Female,Tarabon,16,14,15,15,13
2013-09-19 18:20:54,Human,Channeler,Female,Tarabon,16,18,16,18,10
2013-09-19 18:20:53,Human,Channeler,Female,Tarabon,16,18,14,14,10
2013-09-19 18:20:53,Human,Channeler,Female,Tarabon,14,14,19,16,14
2013-09-19 18:20:53,Human,Channeler,Female,Tarabon,15,13,16,16,12
2013-09-19 18:20:52,Human,Channeler,Female,Tarabon,12,14,17,15,14
2013-09-19 18:20:51,Human,Channeler,Female,Tarabon,12,15,15,18,10
2013-09-19 18:20:51,Human,Channeler,Female,Tarabon,14,14,16,14,14
2013-09-19 18:20:51,Human,Channeler,Female,Tarabon,13,14,15,14,14
2013-09-19 18:20:50,Human,Channeler,Female,Tarabon,16,13,16,17,10
2013-09-19 18:20:50,Human,Channeler,Female,Tarabon,12,16,19,16,10
2013-09-19 18:20:49,Human,Channeler,Female,Tarabon,15,18,15,14,10
2013-09-19 18:20:48,Human,Channeler,Female,Tarabon,16,14,16,18,11
2013-09-19 18:20:48,Human,Channeler,Female,Tarabon,15,14,18,15,12
2013-09-19 18:20:48,Human,Channeler,Female,Tarabon,12,13,15,18,13
2013-09-19 18:20:47,Human,Channeler,Female,Tarabon,16,14,16,13,13
2013-09-19 18:20:47,Human,Channeler,Female,Tarabon,11,13,18,14,14
2013-09-19 18:20:46,Human,Channeler,Female,Tarabon,11,14,16,16,14
2013-09-19 18:20:46,Human,Channeler,Female,Tarabon,12,14,15,17,12
2013-09-19 18:20:46,Human,Channeler,Female,Tarabon,15,14,16,13,13
2013-09-19 18:20:45,Human,Channeler,Female,Tarabon,16,14,15,18,11
2013-09-19 18:20:45,Human,Channeler,Female,Tarabon,16,14,18,17,10
2013-09-19 18:20:44,Human,Channeler,Female,Tarabon,16,18,15,14,14
2013-09-19 18:20:43,Human,Channeler,Female,Tarabon,16,16,14,14,11
2013-09-19 18:20:43,Human,Channeler,Female,Tarabon,15,14,18,14,9
2013-09-19 18:20:43,Human,Channeler,Female,Tarabon,13,15,15,17,14
2013-09-19 18:20:42,Human,Channeler,Female,Tarabon,13,14,19,16,14
2013-09-19 18:20:42,Human,Channeler,Female,Tarabon,16,16,17,14,9
2013-09-19 18:20:41,Human,Channeler,Female,Tarabon,14,14,18,15,9
2013-09-19 18:20:41,Human,Channeler,Female,Tarabon,15,13,19,16,14
2013-09-19 18:20:41,Human,Channeler,Female,Tarabon,13,17,14,16,13
2013-09-19 18:20:40,Human,Channeler,Female,Tarabon,14,14,17,16,13
2013-09-19 18:20:39,Human,Channeler,Female,Tarabon,15,14,17,16,10
2013-09-19 18:20:39,Human,Channeler,Female,Tarabon,14,14,16,18,10
2013-09-19 18:20:39,Human,Channeler,Female,Tarabon,14,15,19,13,10
2013-09-19 18:20:38,Human,Channeler,Female,Tarabon,12,18,15,15,11
2013-09-19 18:20:37,Human,Channeler,Female,Tarabon,16,14,18,13,9
2013-09-19 18:20:37,Human,Channeler,Female,Tarabon,12,16,17,18,13
2013-09-19 18:20:37,Human,Channeler,Female,Tarabon,16,14,18,13,10
2013-09-19 18:20:36,Human,Channeler,Female,Tarabon,13,16,15,17,10
2013-09-19 18:20:35,Human,Channeler,Female,Tarabon,16,14,19,16,10
2013-09-19 18:20:35,Human,Channeler,Female,Tarabon,13,14,18,13,12
2013-09-19 18:20:34,Human,Channeler,Female,Tarabon,12,14,18,15,12
2013-09-19 18:20:34,Human,Channeler,Female,Tarabon,13,14,15,14,14
2013-09-19 18:20:33,Human,Channeler,Female,Tarabon,12,14,15,18,13
2013-09-19 18:20:33,Human,Channeler,Female,Tarabon,14,14,14,15,14
2013-09-19 18:20:32,Human,Channeler,Female,Tarabon,15,14,18,13,10
2013-09-19 18:20:31,Human,Channeler,Female,Tarabon,14,14,19,14,11
2013-09-19 18:20:31,Human,Channeler,Female,Tarabon,14,14,18,18,10
2013-09-19 18:20:30,Human,Channeler,Female,Tarabon,12,14,19,17,11
2013-09-19 18:20:29,Human,Channeler,Female,Tarabon,12,17,19,14,14
2013-09-19 18:20:29,Human,Channeler,Female,Tarabon,15,14,15,14,13
2013-09-19 18:20:28,Human,Channeler,Female,Tarabon,12,14,15,18,11
2013-09-19 18:20:28,Human,Channeler,Female,Tarabon,12,18,16,14,10
2013-09-19 18:20:27,Human,Channeler,Female,Tarabon,15,14,15,18,10
2013-09-19 18:20:27,Human,Channeler,Female,Tarabon,12,14,16,18,13
2013-09-19 18:20:26,Human,Channeler,Female,Tarabon,16,13,19,14,11
2013-09-19 18:20:26,Human,Channeler,Female,Tarabon,13,18,15,14,10
2013-09-19 18:20:26,Human,Channeler,Female,Tarabon,14,14,18,14,13
2013-09-19 18:20:25,Human,Channeler,Female,Tarabon,11,17,19,14,10
2013-09-19 18:20:25,Human,Channeler,Female,Tarabon,11,14,18,18,11
2013-09-19 18:20:24,Human,Channeler,Female,Tarabon,16,14,15,18,13
2013-09-19 18:20:24,Human,Channeler,Female,Tarabon,15,13,15,14,14
2013-09-19 18:20:24,Human,Channeler,Female,Tarabon,16,13,14,15,13
2013-09-19 18:20:23,Human,Channeler,Female,Tarabon,15,18,15,14,10
2013-09-19 18:20:23,Human,Channeler,Female,Tarabon,16,17,16,14,14
2013-09-19 18:20:22,Human,Channeler,Female,Tarabon,12,16,19,15,9
2013-09-19 18:20:22,Human,Channeler,Female,Tarabon,13,17,19,17,10
2013-09-19 17:43:19,Human,Channeler,Female,Tarabon,12,17,17,14,11
2013-09-19 17:43:19,Human,Channeler,Female,Tarabon,14,14,16,18,10
2013-09-19 17:43:18,Human,Channeler,Female,Tarabon,12,14,14,18,14
2013-09-19 17:43:17,Human,Channeler,Female,Tarabon,12,17,15,14,13
2013-09-19 17:43:17,Human,Channeler,Female,Tarabon,12,14,15,17,12
2013-09-19 17:43:16,Human,Channeler,Female,Tarabon,12,14,15,18,12
2013-09-19 17:43:16,Human,Channeler,Female,Tarabon,15,14,17,17,14
2013-09-19 17:43:16,Human,Channeler,Female,Tarabon,12,18,16,15,12
2013-09-19 17:43:15,Human,Channeler,Female,Tarabon,12,17,18,14,12
2013-09-19 17:43:15,Human,Channeler,Female,Tarabon,16,18,17,14,9
2013-09-19 17:43:14,Human,Channeler,Female,Tarabon,12,14,15,18,12
2013-09-19 17:43:14,Human,Channeler,Female,Tarabon,14,15,19,15,10
2013-09-19 17:43:13,Human,Channeler,Female,Tarabon,15,18,15,14,10
2013-09-19 17:43:13,Human,Channeler,Female,Tarabon,14,18,15,14,13
2013-09-19 17:43:12,Human,Channeler,Female,Tarabon,15,18,15,14,12
2013-09-19 17:43:12,Human,Channeler,Female,Tarabon,12,14,18,14,12
2013-09-19 17:33:39,Human,Channeler,Female,Tarabon,16,17,15,15,11
2013-09-19 17:33:38,Human,Channeler,Female,Tarabon,16,14,15,17,11
2013-09-19 17:33:38,Human,Channeler,Female,Tarabon,16,17,17,15,13
2013-09-19 17:33:37,Human,Channeler,Female,Tarabon,15,13,18,16,10
2013-09-19 17:33:37,Human,Channeler,Female,Tarabon,12,14,18,16,10
2013-09-19 17:33:36,Human,Channeler,Female,Tarabon,12,18,14,18,9
2013-09-19 17:33:36,Human,Channeler,Female,Tarabon,14,14,18,17,10
2013-09-19 17:33:36,Human,Channeler,Female,Tarabon,14,14,15,18,9
2013-09-19 17:33:35,Human,Channeler,Female,Tarabon,12,18,18,18,11
2013-09-19 17:33:35,Human,Channeler,Female,Tarabon,15,13,18,14,11
2013-09-19 17:33:34,Human,Channeler,Female,Tarabon,12,14,15,18,11
2013-09-19 17:33:33,Human,Channeler,Female,Tarabon,12,18,19,16,11
2013-09-19 17:33:32,Human,Channeler,Female,Tarabon,16,13,19,13,10
2013-09-19 17:33:32,Human,Channeler,Female,Tarabon,15,14,16,18,12
2013-09-19 17:33:32,Human,Channeler,Female,Tarabon,12,18,17,14,10
2013-09-19 17:33:31,Human,Channeler,Female,Tarabon,12,17,16,14,12
2013-09-19 17:33:31,Human,Channeler,Female,Tarabon,13,14,15,18,10
2013-09-19 17:33:30,Human,Channeler,Female,Tarabon,14,18,15,13,14
2013-09-19 17:33:30,Human,Channeler,Female,Tarabon,12,17,15,18,11
2013-09-19 17:33:29,Human,Channeler,Female,Tarabon,13,16,17,14,10
2013-09-19 17:33:28,Human,Channeler,Female,Tarabon,16,16,15,14,13
2013-09-19 17:33:28,Human,Channeler,Female,Tarabon,13,13,15,15,14
2013-09-19 17:33:28,Human,Channeler,Female,Tarabon,12,16,18,14,11
2013-09-19 17:33:27,Human,Channeler,Female,Tarabon,16,18,15,15,14
2013-09-19 17:33:26,Human,Channeler,Female,Tarabon,16,14,19,13,12
2013-09-19 17:33:26,Human,Channeler,Female,Tarabon,12,18,15,15,12
2013-09-19 17:33:26,Human,Channeler,Female,Tarabon,15,16,16,18,12
2013-09-19 17:33:25,Human,Channeler,Female,Tarabon,14,14,19,14,14
2013-09-19 17:33:25,Human,Channeler,Female,Tarabon,15,18,15,14,10
2013-09-19 17:33:24,Human,Channeler,Female,Tarabon,12,18,18,13,12
2013-09-19 17:33:24,Human,Channeler,Female,Tarabon,12,14,15,16,13
2013-09-19 17:33:23,Human,Channeler,Female,Tarabon,14,18,19,14,10
2013-09-19 17:33:23,Human,Channeler,Female,Tarabon,14,13,19,14,14
2013-09-19 17:33:22,Human,Channeler,Female,Tarabon,14,18,15,14,12
2013-09-19 17:33:22,Human,Channeler,Female,Tarabon,14,14,15,18,13
2013-09-19 17:33:21,Human,Channeler,Female,Tarabon,12,18,16,14,12
2013-09-19 17:33:21,Human,Channeler,Female,Tarabon,12,17,17,14,10
2013-09-19 17:33:21,Human,Channeler,Female,Tarabon,11,16,17,14,12
2013-09-19 17:33:20,Human,Channeler,Female,Tarabon,14,15,15,15,11
2013-09-19 17:33:20,Human,Channeler,Female,Tarabon,16,16,15,15,10
2013-09-19 17:33:20,Human,Channeler,Female,Tarabon,16,17,15,14,12
2013-09-19 17:33:19,Human,Channeler,Female,Tarabon,12,15,16,17,10
2013-09-19 17:33:19,Human,Channeler,Female,Tarabon,15,13,15,16,11
2013-09-19 17:33:18,Human,Channeler,Female,Tarabon,13,14,18,18,14
2013-09-19 17:33:18,Human,Channeler,Female,Tarabon,11,16,15,14,14
2013-09-19 17:33:17,Human,Channeler,Female,Tarabon,13,14,15,17,13
2013-09-19 17:33:17,Human,Channeler,Female,Tarabon,13,15,17,16,11
2013-09-19 17:33:17,Human,Channeler,Female,Tarabon,11,17,18,14,13
2013-09-19 17:33:16,Human,Channeler,Female,Tarabon,11,18,19,13,10
2013-09-19 17:33:15,Human,Channeler,Female,Tarabon,12,18,18,14,9
2013-09-19 17:33:15,Human,Channeler,Female,Tarabon,15,14,19,14,10
2013-09-19 17:33:14,Human,Channeler,Female,Tarabon,12,18,19,14,11
2013-09-19 17:33:14,Human,Channeler,Female,Tarabon,15,15,18,13,9
2013-09-19 17:33:14,Human,Channeler,Female,Tarabon,16,18,14,16,10
2013-09-19 17:33:13,Human,Channeler,Female,Tarabon,11,13,15,18,14
2013-09-19 17:33:13,Human,Channeler,Female,Tarabon,13,16,18,18,9
2013-09-19 17:33:13,Human,Channeler,Female,Tarabon,13,18,15,14,10
2013-09-19 17:33:12,Human,Channeler,Female,Tarabon,12,15,15,15,13
2013-09-19 17:33:12,Human,Channeler,Female,Tarabon,12,16,18,16,10
2013-09-19 17:33:11,Human,Channeler,Female,Tarabon,16,17,15,17,10
2013-09-19 17:33:10,Human,Channeler,Female,Tarabon,16,18,17,14,10
2013-09-19 17:33:10,Human,Channeler,Female,Tarabon,16,13,15,18,10
2013-09-19 17:33:09,Human,Channeler,Female,Tarabon,11,16,18,14,12
2013-09-19 17:33:09,Human,Channeler,Female,Tarabon,13,16,17,14,12
2013-09-19 17:33:08,Human,Channeler,Female,Tarabon,15,14,18,14,9
2013-09-19 17:33:08,Human,Channeler,Female,Tarabon,12,13,16,18,12
2013-09-19 17:33:07,Human,Channeler,Female,Tarabon,11,16,15,18,10
2013-09-19 17:33:07,Human,Channeler,Female,Tarabon,16,14,16,14,13
2013-09-19 17:33:07,Human,Channeler,Female,Tarabon,15,15,19,17,10
2013-09-19 17:33:06,Human,Channeler,Female,Tarabon,15,17,17,13,10
2013-09-19 17:33:06,Human,Channeler,Female,Tarabon,13,17,17,14,10
2013-09-19 17:33:05,Human,Channeler,Female,Tarabon,15,14,19,14,10
2013-09-19 17:33:05,Human,Channeler,Female,Tarabon,12,14,19,14,13
2013-09-19 17:33:04,Human,Channeler,Female,Tarabon,12,18,17,14,11
2013-09-19 17:33:04,Human,Channeler,Female,Tarabon,14,16,19,14,10
2013-09-19 17:33:03,Human,Channeler,Female,Tarabon,12,14,19,14,11
2013-09-19 17:33:03,Human,Channeler,Female,Tarabon,11,18,19,13,10
2013-09-19 17:33:03,Human,Channeler,Female,Tarabon,12,16,18,14,13
2013-09-19 17:33:01,Human,Channeler,Female,Tarabon,12,16,18,14,10
2013-09-19 17:33:01,Human,Channeler,Female,Tarabon,14,14,17,16,11
2013-07-12 02:25:22,Human,Channeler,Female,Tarabon,15,18,15,13,9
2013-07-12 02:23:48,Human,Channeler,Female,Tarabon,16,13,15,18,10
2013-07-12 02:21:46,Human,Channeler,Female,Tarabon,12,14,17,16,14
2013-07-12 02:20:20,Human,Channeler,Female,Tarabon,12,13,15,17,14
2013-07-12 02:18:19,Human,Channeler,Female,Tarabon,15,13,19,14,10
2013-07-12 02:16:21,Human,Channeler,Female,Tarabon,12,14,16,18,11
2013-07-12 02:14:45,Human,Channeler,Female,Tarabon,12,18,18,14,10
2013-07-12 02:12:31,Human,Channeler,Female,Tarabon,15,14,15,17,13
2013-07-12 02:10:52,Human,Channeler,Female,Tarabon,12,18,17,14,11
2013-07-12 02:08:54,Human,Channeler,Female,Tarabon,13,14,16,14,13
2013-07-12 02:07:26,Human,Channeler,Female,Tarabon,15,18,18,13,14
2013-07-12 02:05:53,Human,Channeler,Female,Tarabon,16,17,17,16,13
2013-07-12 02:04:24,Human,Channeler,Female,Tarabon,11,14,17,15,14
2013-07-12 02:02:44,Human,Channeler,Female,Tarabon,15,14,15,17,14
2013-07-12 02:01:15,Human,Channeler,Female,Tarabon,15,17,19,14,11
2013-07-12 01:58:53,Human,Channeler,Female,Tarabon,16,18,18,15,12
2013-07-12 01:57:03,Human,Channeler,Female,Tarabon,12,14,19,14,14
2013-07-12 01:55:23,Human,Channeler,Female,Tarabon,14,13,15,14,14
2013-07-12 01:52:16,Human,Channeler,Female,Tarabon,12,14,17,17,10
2013-07-12 01:50:38,Human,Channeler,Female,Tarabon,12,17,15,15,12
2013-07-12 01:48:49,Human,Channeler,Female,Tarabon,14,14,15,16,13
2013-07-12 01:46:28,Human,Channeler,Female,Tarabon,11,18,17,14,12
2013-07-12 01:44:24,Human,Channeler,Female,Tarabon,16,17,15,14,10
2013-07-12 01:42:51,Human,Channeler,Female,Tarabon,12,16,15,18,10
2013-07-12 01:41:04,Human,Channeler,Female,Tarabon,12,15,18,15,13
2013-07-12 01:38:53,Human,Channeler,Female,Tarabon,12,15,15,16,12
2013-07-12 01:37:00,Human,Channeler,Female,Tarabon,12,18,15,13,14
2013-07-12 01:35:12,Human,Channeler,Female,Tarabon,16,13,18,14,9
2013-07-12 01:33:38,Human,Channeler,Female,Tarabon,12,14,19,16,13
2013-07-12 01:31:22,Human,Channeler,Female,Tarabon,16,17,19,17,10
2013-07-12 01:29:23,Human,Channeler,Female,Tarabon,16,18,15,14,12
2013-07-12 01:27:56,Human,Channeler,Female,Tarabon,16,14,16,17,10
2013-07-12 01:26:02,Human,Channeler,Female,Tarabon,15,15,15,14,13
2013-07-12 01:24:26,Human,Channeler,Female,Tarabon,11,18,15,16,14
2013-07-12 01:22:46,Human,Channeler,Female,Tarabon,16,13,15,18,11
2013-07-12 01:21:06,Human,Channeler,Female,Tarabon,12,17,14,18,10
2013-07-12 01:19:15,Human,Channeler,Female,Tarabon,12,16,15,14,14
2013-07-12 01:17:16,Human,Channeler,Female,Tarabon,12,14,15,16,13
2013-07-12 01:14:57,Human,Channeler,Female,Tarabon,11,14,15,18,12
2013-07-12 01:12:47,Human,Channeler,Female,Tarabon,12,18,15,15,13
2013-07-12 01:11:06,Human,Channeler,Female,Tarabon,13,18,15,13,13
2013-07-12 01:09:03,Human,Channeler,Female,Tarabon,12,14,15,17,13
2013-07-12 01:07:22,Human,Channeler,Female,Tarabon,11,16,16,16,14
2013-07-12 01:05:26,Human,Channeler,Female,Tarabon,14,17,15,18,9
2013-07-12 01:03:09,Human,Channeler,Female,Tarabon,12,16,15,17,11
2013-07-12 01:01:14,Human,Channeler,Female,Tarabon,15,18,14,15,10
2013-07-12 00:59:15,Human,Channeler,Female,Tarabon,12,14,14,16,14
2013-07-12 00:57:20,Human,Channeler,Female,Tarabon,13,18,15,14,10
2013-07-12 00:55:27,Human,Channeler,Female,Tarabon,14,14,15,16,11
2013-07-12 00:53:27,Human,Channeler,Female,Tarabon,11,13,19,14,14
2013-07-12 00:51:08,Human,Channeler,Female,Tarabon,14,14,18,18,10
2013-07-12 00:49:59,Human,Channeler,Female,Tarabon,15,17,15,15,10
2013-07-12 00:48:07,Human,Channeler,Female,Tarabon,13,14,15,18,10
2013-07-12 00:45:36,Human,Channeler,Female,Tarabon,13,15,17,16,12
2013-07-12 00:43:02,Human,Channeler,Female,Tarabon,13,15,15,17,10
2013-07-12 00:40:35,Human,Channeler,Female,Tarabon,12,18,15,14,12
2013-07-12 00:38:05,Human,Channeler,Female,Tarabon,12,13,18,14,13
2013-07-12 00:35:59,Human,Channeler,Female,Tarabon,14,13,19,16,10
2013-07-12 00:33:59,Human,Channeler,Female,Tarabon,12,16,19,16,13
2013-07-12 00:31:52,Human,Channeler,Female,Tarabon,15,16,15,14,12
2013-07-12 00:30:00,Human,Channeler,Female,Tarabon,16,14,15,18,14
2013-07-12 00:27:59,Human,Channeler,Female,Tarabon,15,15,15,17,10
2013-07-12 00:25:49,Human,Channeler,Female,Tarabon,13,14,15,18,13
2013-07-12 00:24:02,Human,Channeler,Female,Tarabon,12,14,18,14,12
2013-07-12 00:22:41,Human,Channeler,Female,Tarabon,14,14,18,14,10
2013-07-12 00:20:21,Human,Channeler,Female,Tarabon,16,14,18,13,14
2013-07-12 00:18:49,Human,Channeler,Female,Tarabon,12,14,15,18,13
2013-07-12 00:16:50,Human,Channeler,Female,Tarabon,14,13,18,17,10
2013-07-12 00:15:20,Human,Channeler,Female,Tarabon,15,17,14,17,10
2013-07-12 00:13:17,Human,Channeler,Female,Tarabon,11,16,15,17,11
2013-07-12 00:11:18,Human,Channeler,Female,Tarabon,12,17,19,17,14
2013-07-12 00:09:40,Human,Channeler,Female,Tarabon,15,14,15,17,10
2013-07-12 00:07:57,Human,Channeler,Female,Tarabon,14,14,17,16,9
2013-07-12 00:06:22,Human,Channeler,Female,Tarabon,12,17,19,16,14
2013-07-12 00:04:39,Human,Channeler,Female,Tarabon,12,18,17,14,10
2013-07-12 00:02:59,Human,Channeler,Female,Tarabon,12,18,17,14,10
2013-07-12 00:00:54,Human,Channeler,Female,Tarabon,13,15,15,14,13
2013-07-11 23:58:50,Human,Channeler,Female,Tarabon,16,16,17,14,9
2013-07-11 23:56:35,Human,Channeler,Female,Tarabon,11,14,19,14,13
2013-07-11 23:54:36,Human,Channeler,Female,Tarabon,13,14,15,18,10
2013-07-11 23:52:39,Human,Channeler,Female,Tarabon,12,14,19,14,11
