2013-09-20 21:49:03,Human,Hunter,Male,Arafel,14,13,14,15,17
2013-09-20 05:09:46,Human,Channeler,Female,Arafel,11,15,17,14,15
2013-09-20 05:07:56,Human,Channeler,Female,Arafel,16,17,16,9,12
2013-09-20 05:04:53,Human,Channeler,Female,Arafel,13,17,16,13,14
2013-09-20 05:02:13,Human,Channeler,Female,Arafel,14,18,14,13,12
2013-09-20 04:59:49,Human,Channeler,Female,Arafel,14,16,17,13,12
2013-09-20 04:57:14,Human,Channeler,Female,Arafel,16,14,18,11,12
2013-09-20 04:54:41,Human,Channeler,Female,Arafel,15,16,16,12,12
2013-09-20 04:51:42,Human,Channeler,Female,Arafel,18,17,15,12,10
2013-09-20 04:49:21,Human,Channeler,Female,Arafel,16,15,15,13,13
2013-09-20 04:46:28,Human,Channeler,Female,Arafel,13,15,15,15,12
2013-09-20 04:43:47,Human,Channeler,Female,Arafel,15,15,18,15,12
2013-09-20 04:41:32,Human,Channeler,Female,Arafel,14,17,17,13,9
2013-09-20 04:39:50,Human,Channeler,Female,Arafel,14,15,15,16,11
2013-09-20 04:37:40,Human,Channeler,Female,Arafel,16,19,17,13,13
2013-09-20 04:34:45,Human,Channeler,Female,Arafel,16,17,17,14,11
2013-09-20 04:32:17,Human,Channeler,Female,Arafel,14,17,17,11,12
2013-09-20 04:29:30,Human,Channeler,Female,Arafel,14,17,16,13,12
2013-09-20 04:26:45,Human,Channeler,Female,Arafel,14,18,15,13,13
2013-09-20 04:24:17,Human,Channeler,Female,Arafel,14,16,15,13,12
2013-09-20 04:22:31,Human,Channeler,Female,Arafel,14,17,15,12,12
2013-09-20 04:19:20,Human,Channeler,Female,Arafel,14,15,16,13,12
2013-09-20 04:17:40,Human,Channeler,Female,Arafel,14,15,17,13,14
2013-09-20 04:14:38,Human,Channeler,Female,Arafel,14,15,15,14,14
2013-09-20 04:12:02,Human,Channeler,Female,Arafel,14,14,17,13,12
2013-09-20 04:08:59,Human,Channeler,Female,Arafel,14,14,15,15,12
2013-09-20 04:06:22,Human,Channeler,Female,Arafel,14,13,17,15,12
2013-09-20 04:02:00,Human,Channeler,Female,Arafel,15,16,14,13,13
2013-09-20 03:59:47,Human,Channeler,Female,Arafel,14,15,15,13,14
2013-09-20 03:57:23,Human,Channeler,Female,Arafel,14,15,15,13,15
2013-09-20 03:54:26,Human,Channeler,Female,Arafel,16,18,12,14,13
2013-09-20 03:51:41,Human,Channeler,Female,Arafel,14,15,16,15,12
2013-09-20 03:48:23,Human,Channeler,Female,Arafel,14,16,16,12,12
2013-09-20 03:46:31,Human,Channeler,Female,Arafel,17,16,14,13,15
2013-09-20 03:44:12,Human,Channeler,Female,Arafel,17,15,17,13,12
2013-09-20 03:42:06,Human,Channeler,Female,Arafel,13,15,13,15,14
2013-09-20 03:40:18,Human,Channeler,Female,Arafel,16,15,18,13,12
2013-09-20 03:37:19,Human,Channeler,Female,Arafel,15,14,14,15,12
2013-09-20 03:35:29,Human,Channeler,Female,Arafel,17,15,15,15,10
2013-09-20 03:31:44,Human,Channeler,Female,Arafel,14,16,17,13,12
2013-09-20 03:29:14,Human,Channeler,Female,Arafel,14,17,14,13,12
2013-09-20 03:26:20,Human,Channeler,Female,Arafel,16,15,17,10,12
2013-09-20 03:24:23,Human,Channeler,Female,Arafel,15,15,17,14,14
2013-09-20 03:21:22,Human,Channeler,Female,Arafel,14,17,15,14,13
2013-09-20 03:18:55,Human,Channeler,Female,Arafel,14,15,15,14,12
2013-09-20 03:16:44,Human,Channeler,Female,Arafel,15,17,16,13,12
2013-09-20 03:13:33,Human,Channeler,Female,Arafel,15,19,15,13,16
2013-09-20 03:11:11,Human,Channeler,Female,Arafel,15,15,17,12,13
2013-09-20 03:09:13,Human,Channeler,Female,Arafel,14,15,18,13,11
2013-09-20 03:06:21,Human,Channeler,Female,Arafel,13,17,16,12,12
2013-09-20 03:03:29,Human,Channeler,Female,Arafel,16,15,18,13,12
2013-09-20 03:01:03,Human,Channeler,Female,Arafel,16,15,17,11,12
2013-09-20 02:58:13,Human,Channeler,Female,Arafel,13,16,17,15,12
2013-09-20 02:55:23,Human,Channeler,Female,Arafel,13,15,15,16,14
2013-09-20 02:53:13,Human,Channeler,Female,Arafel,14,16,17,13,12
2013-09-20 02:50:13,Human,Channeler,Female,Arafel,12,17,16,13,14
2013-09-20 02:47:10,Human,Channeler,Female,Arafel,14,17,17,14,9
2013-09-20 02:43:49,Human,Channeler,Female,Arafel,14,16,14,15,15
2013-09-20 02:40:46,Human,Channeler,Female,Arafel,16,16,17,13,12
2013-09-20 02:38:32,Human,Channeler,Female,Arafel,13,17,15,15,13
2013-09-20 02:36:13,Human,Channeler,Female,Arafel,13,15,16,13,15
2013-09-20 02:33:34,Human,Channeler,Female,Arafel,14,15,13,14,14
2013-09-20 02:31:11,Human,Channeler,Female,Arafel,15,15,18,14,11
2013-09-20 02:29:33,Human,Channeler,Female,Arafel,15,13,18,13,11
2013-09-20 02:27:23,Human,Channeler,Female,Arafel,14,16,16,14,14
2013-09-20 02:25:19,Human,Channeler,Female,Arafel,17,16,15,13,14
2013-09-20 02:23:05,Human,Channeler,Female,Arafel,14,15,15,14,12
2013-09-20 02:20:58,Human,Channeler,Female,Arafel,14,15,15,13,13
2013-09-20 02:18:48,Human,Channeler,Female,Arafel,14,15,17,13,14
2013-09-20 02:15:22,Human,Channeler,Female,Arafel,14,15,16,13,14
2013-09-20 02:13:31,Human,Channeler,Female,Arafel,13,16,19,13,10
2013-09-20 02:11:20,Human,Channeler,Female,Arafel,17,16,18,11,12
2013-09-20 02:09:31,Human,Channeler,Female,Arafel,17,16,16,13,13
2013-09-20 02:07:08,Human,Channeler,Female,Arafel,13,15,15,13,15
2013-09-20 02:04:27,Human,Channeler,Female,Arafel,16,17,16,13,13
2013-09-20 02:02:02,Human,Channeler,Female,Arafel,17,16,15,13,12
2013-09-20 01:59:38,Human,Channeler,Female,Arafel,17,15,15,13,13
2013-09-20 01:57:07,Human,Channeler,Female,Arafel,14,17,15,17,10
2013-09-20 01:54:36,Human,Channeler,Female,Arafel,14,15,16,13,12
2013-09-20 01:52:05,Human,Channeler,Female,Arafel,14,19,16,14,12
2013-09-20 01:49:20,Human,Channeler,Female,Arafel,14,19,15,13,10
2013-09-20 01:46:24,Human,Channeler,Female,Arafel,14,15,17,15,11
2013-09-20 01:44:24,Human,Channeler,Female,Arafel,16,16,17,15,10
2013-09-20 01:41:46,Human,Channeler,Female,Arafel,14,15,19,13,12
2013-09-20 01:39:02,Human,Channeler,Female,Arafel,17,15,15,11,15
2013-09-20 01:35:41,Human,Channeler,Female,Arafel,17,15,15,12,13
2013-09-20 01:33:26,Human,Channeler,Female,Arafel,14,16,13,15,15
2013-09-20 01:30:39,Human,Channeler,Female,Arafel,17,15,17,14,13
2013-09-20 01:28:16,Human,Channeler,Female,Arafel,14,17,15,13,14
2013-09-20 01:25:30,Human,Channeler,Female,Arafel,16,17,14,14,11
2013-09-20 01:22:36,Human,Channeler,Female,Arafel,15,17,15,14,12
2013-09-20 01:20:35,Human,Channeler,Female,Arafel,14,15,15,15,12
2013-09-20 01:18:15,Human,Channeler,Female,Arafel,14,15,16,13,12
2013-09-20 01:16:00,Human,Channeler,Female,Arafel,14,18,17,14,12
2013-09-20 01:14:01,Human,Channeler,Female,Arafel,15,15,15,15,12
2013-09-20 01:11:11,Human,Channeler,Female,Arafel,14,15,17,12,12
2013-09-20 01:09:54,Human,Channeler,Female,Arafel,14,16,15,12,14
2013-09-20 01:07:37,Human,Channeler,Female,Arafel,16,16,18,11,11
2013-09-20 01:05:25,Human,Channeler,Female,Arafel,15,15,14,16,12
2013-09-20 01:03:03,Human,Channeler,Female,Arafel,15,17,18,13,12
2013-09-20 01:01:04,Human,Channeler,Female,Arafel,15,16,15,13,12
2013-09-20 00:58:56,Human,Channeler,Female,Arafel,14,16,17,11,12
2013-09-20 00:56:45,Human,Channeler,Female,Arafel,16,14,15,15,12
2013-09-20 00:54:27,Human,Channeler,Female,Arafel,14,17,15,11,16
2013-09-20 00:51:52,Human,Channeler,Female,Arafel,16,12,17,14,12
2013-09-20 00:48:59,Human,Channeler,Female,Arafel,17,15,13,15,12
2013-09-20 00:46:58,Human,Channeler,Female,Arafel,14,15,15,14,14
2013-09-20 00:44:21,Human,Channeler,Female,Arafel,16,16,14,13,13
2013-09-20 00:41:55,Human,Channeler,Female,Arafel,16,17,16,14,13
2013-09-20 00:39:45,Human,Channeler,Female,Arafel,15,18,15,13,10
2013-09-20 00:37:57,Human,Channeler,Female,Arafel,14,15,17,11,15
2013-09-20 00:35:13,Human,Channeler,Female,Arafel,16,17,15,15,12
2013-09-20 00:32:47,Human,Channeler,Female,Arafel,12,17,16,14,12
2013-09-20 00:31:04,Human,Channeler,Female,Arafel,12,16,17,13,15
2013-09-20 00:28:18,Human,Channeler,Female,Arafel,14,17,17,15,12
2013-09-20 00:25:26,Human,Channeler,Female,Arafel,14,14,17,11,14
2013-09-20 00:22:48,Human,Channeler,Female,Arafel,16,15,15,13,13
2013-09-20 00:20:26,Human,Channeler,Female,Arafel,15,15,17,15,14
2013-09-20 00:17:46,Human,Channeler,Female,Arafel,14,13,17,14,13
2013-09-20 00:15:55,Human,Channeler,Female,Arafel,15,18,14,13,14
2013-09-20 00:13:47,Human,Channeler,Female,Arafel,16,18,15,12,15
2013-09-20 00:10:33,Human,Channeler,Female,Arafel,14,17,14,13,12
2013-09-20 00:08:28,Human,Channeler,Female,Arafel,14,16,16,13,12
2013-09-20 00:06:10,Human,Channeler,Female,Arafel,13,18,15,12,14
2013-09-20 00:04:10,Human,Channeler,Female,Arafel,12,17,17,13,11
2013-09-20 00:02:04,Human,Channeler,Female,Arafel,14,15,16,13,13
2013-09-19 23:59:38,Human,Channeler,Female,Arafel,14,15,15,13,14
2013-09-19 23:56:53,Human,Channeler,Female,Arafel,17,14,17,17,14
2013-09-19 23:53:55,Human,Channeler,Female,Arafel,18,16,14,13,10
2013-09-19 23:51:35,Human,Channeler,Female,Arafel,16,14,17,13,14
2013-09-19 23:48:58,Human,Channeler,Female,Arafel,14,15,17,16,12
2013-09-19 23:46:00,Human,Channeler,Female,Arafel,14,14,17,14,12
2013-09-19 22:41:13,Human,Channeler,Female,Arafel,14,15,15,14,13
2013-09-19 20:00:48,Human,Channeler,Female,Arafel,13,17,15,17,12
2013-09-19 20:00:48,Human,Channeler,Female,Arafel,16,15,17,12,12
2013-09-19 20:00:47,Human,Channeler,Female,Arafel,14,15,15,12,14
2013-09-19 20:00:47,Human,Channeler,Female,Arafel,14,17,16,11,14
2013-09-19 20:00:47,Human,Channeler,Female,Arafel,14,14,13,17,12
2013-09-19 20:00:46,Human,Channeler,Female,Arafel,14,15,15,14,12
2013-09-19 20:00:46,Human,Channeler,Female,Arafel,14,15,17,17,10
2013-09-19 20:00:45,Human,Channeler,Female,Arafel,14,16,14,14,12
2013-09-19 20:00:45,Human,Channeler,Female,Arafel,16,14,15,17,15
2013-09-19 20:00:44,Human,Channeler,Female,Arafel,16,15,18,14,10
2013-09-19 20:00:43,Human,Channeler,Female,Arafel,16,16,16,13,10
2013-09-19 20:00:43,Human,Channeler,Female,Arafel,16,13,17,14,13
2013-09-19 20:00:42,Human,Channeler,Female,Arafel,17,15,16,13,10
2013-09-19 20:00:42,Human,Channeler,Female,Arafel,12,18,14,13,13
2013-09-19 20:00:41,Human,Channeler,Female,Arafel,14,15,15,15,16
2013-09-19 20:00:41,Human,Channeler,Female,Arafel,16,17,16,15,12
2013-09-19 20:00:41,Human,Channeler,Female,Arafel,14,16,17,16,12
2013-09-19 20:00:40,Human,Channeler,Female,Arafel,12,15,15,14,14
2013-09-19 20:00:40,Human,Channeler,Female,Arafel,16,15,13,13,15
2013-09-19 20:00:40,Human,Channeler,Female,Arafel,14,16,17,16,13
2013-09-19 20:00:39,Human,Channeler,Female,Arafel,14,18,15,13,12
2013-09-19 20:00:38,Human,Channeler,Female,Arafel,14,17,15,13,13
2013-09-19 20:00:38,Human,Channeler,Female,Arafel,14,17,15,15,10
2013-09-19 20:00:37,Human,Channeler,Female,Arafel,15,17,15,14,14
2013-09-19 20:00:37,Human,Channeler,Female,Arafel,17,15,15,14,12
2013-09-19 20:00:36,Human,Channeler,Female,Arafel,14,17,13,14,12
2013-09-19 20:00:36,Human,Channeler,Female,Arafel,16,14,15,13,12
2013-09-19 20:00:36,Human,Channeler,Female,Arafel,11,15,15,13,16
2013-09-19 20:00:35,Human,Channeler,Female,Arafel,16,15,17,12,10
2013-09-19 20:00:35,Human,Channeler,Female,Arafel,15,16,12,16,13
2013-09-19 20:00:34,Human,Channeler,Female,Arafel,14,15,17,13,12
2013-09-19 20:00:34,Human,Channeler,Female,Arafel,12,16,14,13,15
2013-09-19 20:00:33,Human,Channeler,Female,Arafel,12,16,16,14,12
2013-09-19 20:00:33,Human,Channeler,Female,Arafel,14,15,19,13,13
2013-09-19 20:00:33,Human,Channeler,Female,Arafel,14,17,15,15,12
2013-09-19 20:00:32,Human,Channeler,Female,Arafel,15,13,18,13,13
2013-09-19 20:00:32,Human,Channeler,Female,Arafel,16,15,17,13,16
2013-09-19 20:00:31,Human,Channeler,Female,Arafel,15,15,16,13,11
2013-09-19 20:00:31,Human,Channeler,Female,Arafel,16,13,17,12,14
2013-09-19 20:00:30,Human,Channeler,Female,Arafel,12,19,15,13,13
2013-09-19 20:00:30,Human,Channeler,Female,Arafel,15,17,15,13,12
2013-09-19 20:00:29,Human,Channeler,Female,Arafel,13,15,15,15,12
2013-09-19 20:00:29,Human,Channeler,Female,Arafel,17,18,16,13,12
2013-09-19 20:00:28,Human,Channeler,Female,Arafel,16,17,17,16,12
2013-09-19 20:00:28,Human,Channeler,Female,Arafel,14,16,15,14,12
2013-09-19 20:00:28,Human,Channeler,Female,Arafel,13,18,17,14,10
2013-09-19 20:00:27,Human,Channeler,Female,Arafel,14,16,15,13,13
2013-09-19 20:00:27,Human,Channeler,Female,Arafel,17,16,15,13,10
2013-09-19 20:00:26,Human,Channeler,Female,Arafel,12,18,16,15,10
2013-09-19 20:00:26,Human,Channeler,Female,Arafel,17,15,13,14,12
2013-09-19 20:00:24,Human,Channeler,Female,Arafel,13,16,15,13,14
2013-09-19 20:00:24,Human,Channeler,Female,Arafel,13,15,19,13,13
2013-09-19 20:00:24,Human,Channeler,Female,Arafel,15,13,17,15,10
2013-09-19 20:00:23,Human,Channeler,Female,Arafel,14,17,17,16,10
2013-09-19 20:00:23,Human,Channeler,Female,Arafel,17,15,15,12,13
2013-09-19 20:00:22,Human,Channeler,Female,Arafel,14,16,14,12,15
2013-09-19 20:00:22,Human,Channeler,Female,Arafel,15,14,14,16,15
2013-09-19 20:00:22,Human,Channeler,Female,Arafel,13,15,19,10,14
2013-09-19 20:00:21,Human,Channeler,Female,Arafel,16,17,15,13,14
2013-09-19 20:00:21,Human,Channeler,Female,Arafel,15,15,15,12,13
2013-09-19 20:00:21,Human,Channeler,Female,Arafel,14,17,15,17,13
2013-09-19 20:00:20,Human,Channeler,Female,Arafel,15,14,16,13,15
2013-09-19 20:00:20,Human,Channeler,Female,Arafel,15,17,15,14,12
2013-09-19 20:00:19,Human,Channeler,Female,Arafel,16,17,13,15,14
2013-09-19 20:00:19,Human,Channeler,Female,Arafel,16,16,15,14,11
2013-09-19 20:00:18,Human,Channeler,Female,Arafel,14,15,15,14,14
2013-09-19 20:00:18,Human,Channeler,Female,Arafel,18,15,15,16,12
2013-09-19 20:00:17,Human,Channeler,Female,Arafel,17,15,14,13,15
2013-09-19 20:00:17,Human,Channeler,Female,Arafel,14,15,19,14,12
2013-09-19 20:00:16,Human,Channeler,Female,Arafel,16,17,15,13,13
2013-09-19 20:00:16,Human,Channeler,Female,Arafel,14,16,13,14,13
2013-09-19 20:00:16,Human,Channeler,Female,Arafel,16,14,15,16,12
2013-09-19 20:00:15,Human,Channeler,Female,Arafel,16,17,15,13,14
2013-09-19 20:00:15,Human,Channeler,Female,Arafel,14,17,15,11,13
2013-09-19 20:00:14,Human,Channeler,Female,Arafel,15,16,18,12,14
2013-09-19 20:00:13,Human,Channeler,Female,Arafel,15,17,15,13,10
2013-09-19 20:00:13,Human,Channeler,Female,Arafel,16,15,15,14,12
2013-09-19 20:00:13,Human,Channeler,Female,Arafel,14,17,16,12,13
2013-09-19 20:00:12,Human,Channeler,Female,Arafel,17,15,15,12,14
2013-09-19 20:00:12,Human,Channeler,Female,Arafel,16,15,18,15,13
2013-09-19 20:00:12,Human,Channeler,Female,Arafel,16,15,13,17,12
2013-09-19 20:00:11,Human,Channeler,Female,Arafel,14,15,15,13,13
2013-09-19 20:00:11,Human,Channeler,Female,Arafel,16,14,16,12,12
2013-09-19 20:00:10,Human,Channeler,Female,Arafel,13,17,15,13,12
2013-09-19 20:00:10,Human,Channeler,Female,Arafel,15,16,15,12,15
2013-09-19 20:00:09,Human,Channeler,Female,Arafel,14,17,15,13,12
2013-09-19 20:00:08,Human,Channeler,Female,Arafel,15,14,15,13,13
2013-09-19 20:00:08,Human,Channeler,Female,Arafel,14,17,18,13,10
2013-09-19 20:00:07,Human,Channeler,Female,Arafel,12,15,17,15,15
2013-09-19 20:00:07,Human,Channeler,Female,Arafel,15,15,16,13,11
2013-09-19 20:00:07,Human,Channeler,Female,Arafel,14,16,17,13,12
2013-09-19 20:00:06,Human,Channeler,Female,Arafel,14,16,15,15,12
2013-09-19 20:00:06,Human,Channeler,Female,Arafel,13,15,16,14,15
2013-09-19 20:00:05,Human,Channeler,Female,Arafel,14,13,18,13,14
2013-09-19 20:00:05,Human,Channeler,Female,Arafel,14,17,17,13,11
2013-09-19 20:00:04,Human,Channeler,Female,Arafel,15,12,16,15,15
2013-09-19 20:00:03,Human,Channeler,Female,Arafel,14,15,16,13,12
2013-09-19 20:00:03,Human,Channeler,Female,Arafel,15,15,15,13,12
2013-09-19 20:00:03,Human,Channeler,Female,Arafel,14,15,15,13,14
2013-09-19 20:00:02,Human,Channeler,Female,Arafel,15,15,16,15,10
2013-09-19 20:00:02,Human,Channeler,Female,Arafel,16,17,18,14,12
2013-09-19 20:00:01,Human,Channeler,Female,Arafel,14,16,15,13,12
2013-09-19 20:00:01,Human,Channeler,Female,Arafel,16,15,15,12,12
2013-09-19 20:00:00,Human,Channeler,Female,Arafel,17,17,17,13,14
2013-09-19 20:00:00,Human,Channeler,Female,Arafel,14,12,15,15,14
2013-09-19 19:59:59,Human,Channeler,Female,Arafel,14,15,15,15,13
2013-09-19 19:59:58,Human,Channeler,Female,Arafel,15,16,16,12,12
2013-09-19 19:59:58,Human,Channeler,Female,Arafel,18,15,15,11,12
2013-09-19 19:59:57,Human,Channeler,Female,Arafel,15,17,18,13,12
2013-09-19 19:59:57,Human,Channeler,Female,Arafel,16,14,15,13,12
2013-09-19 19:59:56,Human,Channeler,Female,Arafel,14,17,17,13,11
2013-09-19 19:59:55,Human,Channeler,Female,Arafel,13,15,16,14,16
2013-09-19 19:59:55,Human,Channeler,Female,Arafel,14,15,16,13,12
2013-09-19 19:59:54,Human,Channeler,Female,Arafel,14,16,16,13,12
2013-09-19 19:59:54,Human,Channeler,Female,Arafel,16,15,14,13,12
2013-09-19 19:59:53,Human,Channeler,Female,Arafel,16,16,16,12,12
2013-09-19 19:59:53,Human,Channeler,Female,Arafel,11,17,17,17,12
2013-09-19 19:59:52,Human,Channeler,Female,Arafel,16,15,15,13,12
2013-09-19 19:59:52,Human,Channeler,Female,Arafel,13,14,15,16,12
2013-09-19 19:59:51,Human,Channeler,Female,Arafel,12,18,14,15,14
2013-09-19 19:59:51,Human,Channeler,Female,Arafel,13,18,14,16,12
2013-09-19 19:59:51,Human,Channeler,Female,Arafel,12,15,15,15,14
2013-09-19 19:59:50,Human,Channeler,Female,Arafel,16,15,15,15,12
2013-09-19 19:59:50,Human,Channeler,Female,Arafel,12,18,14,15,12
2013-09-19 19:59:49,Human,Channeler,Female,Arafel,16,15,17,13,12
2013-09-19 19:59:49,Human,Channeler,Female,Arafel,12,15,15,15,13
2013-09-19 19:59:48,Human,Channeler,Female,Arafel,16,15,15,14,12
2013-09-19 19:59:47,Human,Channeler,Female,Arafel,16,18,15,13,12
2013-09-19 19:59:47,Human,Channeler,Female,Arafel,12,18,13,13,15
2013-09-19 19:59:47,Human,Channeler,Female,Arafel,14,19,18,13,12
2013-09-19 19:59:46,Human,Channeler,Female,Arafel,14,15,17,13,14
2013-09-19 19:59:46,Human,Channeler,Female,Arafel,14,15,16,13,12
2013-09-19 19:59:45,Human,Channeler,Female,Arafel,14,17,14,15,11
2013-09-19 19:59:45,Human,Channeler,Female,Arafel,16,15,16,16,12
2013-09-19 19:59:44,Human,Channeler,Female,Arafel,13,16,14,15,12
2013-09-19 19:59:44,Human,Channeler,Female,Arafel,16,17,15,11,14
2013-09-19 19:59:44,Human,Channeler,Female,Arafel,14,15,17,14,13
2013-09-19 19:59:43,Human,Channeler,Female,Arafel,15,13,15,13,15
2013-09-19 19:59:42,Human,Channeler,Female,Arafel,13,15,15,15,13
2013-09-19 19:59:42,Human,Channeler,Female,Arafel,17,17,15,13,10
2013-09-19 19:59:41,Human,Channeler,Female,Arafel,14,16,17,15,13
2013-09-19 19:59:41,Human,Channeler,Female,Arafel,17,17,15,11,10
2013-09-19 19:59:40,Human,Channeler,Female,Arafel,14,17,16,13,12
2013-09-19 19:59:40,Human,Channeler,Female,Arafel,14,16,13,14,13
2013-09-19 19:59:39,Human,Channeler,Female,Arafel,16,15,13,14,13
2013-09-19 19:59:39,Human,Channeler,Female,Arafel,11,15,15,16,14
2013-09-19 19:59:38,Human,Channeler,Female,Arafel,16,15,16,13,11
2013-09-19 19:59:38,Human,Channeler,Female,Arafel,15,15,16,10,14
2013-09-19 19:59:38,Human,Channeler,Female,Arafel,14,16,15,12,14
2013-09-19 19:59:37,Human,Channeler,Female,Arafel,14,15,14,15,12
2013-09-19 19:59:36,Human,Channeler,Female,Arafel,14,17,16,14,13
2013-09-19 19:59:35,Human,Channeler,Female,Arafel,13,15,17,13,14
2013-09-19 19:59:35,Human,Channeler,Female,Arafel,17,18,12,12,14
2013-09-19 19:59:34,Human,Channeler,Female,Arafel,16,12,15,16,13
2013-09-19 19:59:34,Human,Channeler,Female,Arafel,12,14,16,16,15
2013-09-19 19:59:33,Human,Channeler,Female,Arafel,15,19,15,14,10
2013-09-19 19:59:33,Human,Channeler,Female,Arafel,18,15,16,13,12
2013-09-19 19:59:32,Human,Channeler,Female,Arafel,14,17,16,11,12
2013-09-19 19:59:32,Human,Channeler,Female,Arafel,13,19,16,13,11
2013-09-19 19:59:31,Human,Channeler,Female,Arafel,14,15,15,15,14
2013-09-19 19:59:31,Human,Channeler,Female,Arafel,14,17,18,12,16
2013-09-19 19:59:31,Human,Channeler,Female,Arafel,15,15,15,13,14
2013-09-19 19:59:30,Human,Channeler,Female,Arafel,16,15,16,13,12
2013-09-19 19:59:30,Human,Channeler,Female,Arafel,14,15,15,15,12
2013-09-19 19:59:29,Human,Channeler,Female,Arafel,14,18,15,14,11
2013-09-19 19:59:28,Human,Channeler,Female,Arafel,16,15,17,13,10
2013-09-19 19:59:27,Human,Channeler,Female,Arafel,14,15,14,13,14
2013-09-19 19:59:27,Human,Channeler,Female,Arafel,16,18,19,13,11
2013-09-19 19:59:27,Human,Channeler,Female,Arafel,14,19,15,10,14
2013-09-19 19:59:26,Human,Channeler,Female,Arafel,14,16,16,13,11
2013-09-19 19:59:25,Human,Channeler,Female,Arafel,16,15,14,15,11
2013-09-19 19:59:25,Human,Channeler,Female,Arafel,14,15,16,13,12
2013-09-19 19:59:25,Human,Channeler,Female,Arafel,16,17,15,13,12
2013-09-19 19:59:24,Human,Channeler,Female,Arafel,16,17,15,10,13
2013-09-19 19:59:24,Human,Channeler,Female,Arafel,15,14,17,12,12
2013-09-19 19:59:23,Human,Channeler,Female,Arafel,15,15,17,13,12
2013-09-19 19:59:23,Human,Channeler,Female,Arafel,15,16,16,13,12
2013-09-19 19:59:22,Human,Channeler,Female,Arafel,14,16,15,14,14
2013-09-19 19:59:22,Human,Channeler,Female,Arafel,12,16,17,13,14
2013-09-19 19:59:22,Human,Channeler,Female,Arafel,13,17,16,13,12
2013-09-19 19:59:21,Human,Channeler,Female,Arafel,14,15,16,13,14
2013-09-19 19:59:21,Human,Channeler,Female,Arafel,13,17,18,13,14
2013-09-19 19:59:20,Human,Channeler,Female,Arafel,11,14,16,15,14
2013-09-19 19:59:20,Human,Channeler,Female,Arafel,15,17,15,12,13
2013-09-19 19:59:18,Human,Channeler,Female,Arafel,16,15,17,13,12
2013-09-19 19:59:18,Human,Channeler,Female,Arafel,14,15,15,13,16
2013-09-19 19:59:15,Human,Channeler,Female,Arafel,16,19,13,13,9
2013-09-19 19:59:15,Human,Channeler,Female,Arafel,14,17,15,13,12
2013-09-19 19:59:14,Human,Channeler,Female,Arafel,15,18,18,14,12
2013-09-19 19:59:14,Human,Channeler,Female,Arafel,16,14,17,11,12
2013-09-19 19:59:13,Human,Channeler,Female,Arafel,13,15,17,14,14
2013-09-19 19:59:13,Human,Channeler,Female,Arafel,14,15,15,13,13
2013-09-19 19:59:12,Human,Channeler,Female,Arafel,14,19,17,13,13
2013-09-19 19:59:11,Human,Channeler,Female,Arafel,15,16,15,12,12
2013-09-19 19:59:09,Human,Channeler,Female,Arafel,15,15,15,14,12
2013-09-19 19:59:09,Human,Channeler,Female,Arafel,14,15,15,15,12
2013-09-19 19:59:08,Human,Channeler,Female,Arafel,16,15,17,13,13
2013-09-19 19:59:07,Human,Channeler,Female,Arafel,17,17,15,12,13
2013-09-19 19:59:07,Human,Channeler,Female,Arafel,14,17,17,13,11
2013-09-19 19:59:06,Human,Channeler,Female,Arafel,11,16,15,17,12
2013-09-19 19:59:05,Human,Channeler,Female,Arafel,16,17,16,13,12
2013-09-19 19:59:05,Human,Channeler,Female,Arafel,15,17,15,13,13
2013-09-19 19:59:04,Human,Channeler,Female,Arafel,12,18,15,13,12
2013-09-19 19:59:03,Human,Channeler,Female,Arafel,16,17,13,15,11
2013-09-19 19:59:02,Human,Channeler,Female,Arafel,14,17,15,12,12
2013-09-19 19:59:02,Human,Channeler,Female,Arafel,14,17,15,15,12
2013-09-19 19:59:02,Human,Channeler,Female,Arafel,12,16,17,13,12
2013-09-19 19:59:01,Human,Channeler,Female,Arafel,15,15,15,13,12
2013-09-19 19:59:01,Human,Channeler,Female,Arafel,13,16,15,13,13
2013-09-19 19:59:00,Human,Channeler,Female,Arafel,14,16,16,12,12
2013-09-19 19:56:33,Human,Channeler,Female,Arafel,14,17,15,13,13
2013-09-19 19:56:32,Human,Channeler,Female,Arafel,15,14,14,14,14
2013-09-19 19:56:31,Human,Channeler,Female,Arafel,14,16,19,15,12
2013-09-19 19:56:31,Human,Channeler,Female,Arafel,16,19,15,12,14
2013-09-19 19:56:31,Human,Channeler,Female,Arafel,16,15,19,13,12
2013-09-19 19:56:30,Human,Channeler,Female,Arafel,13,17,17,15,10
2013-09-19 19:56:30,Human,Channeler,Female,Arafel,16,14,15,13,15
2013-09-19 19:56:29,Human,Channeler,Female,Arafel,14,17,15,15,10
2013-09-19 19:56:29,Human,Channeler,Female,Arafel,14,16,15,15,14
2013-09-19 19:56:29,Human,Channeler,Female,Arafel,16,16,17,13,13
2013-09-19 19:56:28,Human,Channeler,Female,Arafel,15,16,15,13,14
2013-09-19 19:56:28,Human,Channeler,Female,Arafel,14,17,17,12,12
2013-09-19 19:56:27,Human,Channeler,Female,Arafel,17,17,15,13,12
2013-09-19 19:56:27,Human,Channeler,Female,Arafel,14,16,16,15,14
2013-09-19 19:56:26,Human,Channeler,Female,Arafel,16,17,15,11,15
2013-09-19 19:56:26,Human,Channeler,Female,Arafel,15,14,17,13,12
2013-09-19 19:56:25,Human,Channeler,Female,Arafel,14,12,16,17,12
2013-09-19 19:56:25,Human,Channeler,Female,Arafel,16,15,17,11,13
2013-09-19 19:56:25,Human,Channeler,Female,Arafel,16,15,13,15,14
2013-09-19 19:56:24,Human,Channeler,Female,Arafel,14,15,17,16,10
2013-09-19 19:56:24,Human,Channeler,Female,Arafel,14,17,17,16,12
2013-09-19 19:56:24,Human,Channeler,Female,Arafel,14,15,15,13,14
2013-09-19 19:56:23,Human,Channeler,Female,Arafel,15,15,14,12,15
2013-09-19 19:56:23,Human,Channeler,Female,Arafel,15,15,15,13,13
2013-09-19 19:56:22,Human,Channeler,Female,Arafel,14,17,17,12,10
2013-09-19 19:56:22,Human,Channeler,Female,Arafel,14,16,15,14,16
2013-09-19 19:56:22,Human,Channeler,Female,Arafel,17,15,14,15,12
2013-09-19 19:56:21,Human,Channeler,Female,Arafel,15,14,16,17,11
2013-09-19 19:56:20,Human,Channeler,Female,Arafel,15,15,14,13,13
2013-09-19 19:56:20,Human,Channeler,Female,Arafel,16,16,13,12,13
2013-09-19 19:56:20,Human,Channeler,Female,Arafel,16,18,17,13,13
2013-09-19 19:56:19,Human,Channeler,Female,Arafel,16,12,16,15,14
2013-09-19 19:56:19,Human,Channeler,Female,Arafel,16,13,16,14,12
2013-09-19 19:56:18,Human,Channeler,Female,Arafel,16,15,14,14,14
2013-09-19 19:56:18,Human,Channeler,Female,Arafel,14,17,13,16,12
2013-09-19 19:56:18,Human,Channeler,Female,Arafel,17,13,15,12,14
2013-09-19 19:56:17,Human,Channeler,Female,Arafel,15,15,15,12,15
2013-09-19 19:56:16,Human,Channeler,Female,Arafel,14,14,14,13,15
2013-09-19 19:56:16,Human,Channeler,Female,Arafel,14,16,15,14,12
2013-09-19 19:56:16,Human,Channeler,Female,Arafel,14,15,15,14,14
2013-09-19 19:56:15,Human,Channeler,Female,Arafel,12,15,18,15,10
2013-09-19 19:56:14,Human,Channeler,Female,Arafel,15,13,17,13,12
2013-09-19 19:56:14,Human,Channeler,Female,Arafel,14,17,15,13,12
2013-09-19 19:56:14,Human,Channeler,Female,Arafel,16,18,15,12,12
2013-09-19 19:56:13,Human,Channeler,Female,Arafel,15,17,16,15,12
2013-09-19 19:56:13,Human,Channeler,Female,Arafel,16,15,18,15,13
2013-09-19 19:56:12,Human,Channeler,Female,Arafel,15,18,13,16,10
2013-09-19 19:56:12,Human,Channeler,Female,Arafel,15,15,16,13,14
2013-09-19 19:56:11,Human,Channeler,Female,Arafel,16,15,15,13,14
2013-09-19 19:56:11,Human,Channeler,Female,Arafel,11,16,18,16,14
2013-09-19 19:56:10,Human,Channeler,Female,Arafel,15,18,17,13,11
2013-09-19 19:56:10,Human,Channeler,Female,Arafel,14,16,17,12,12
2013-09-19 19:56:09,Human,Channeler,Female,Arafel,15,15,15,12,13
2013-09-19 19:56:09,Human,Channeler,Female,Arafel,18,15,17,12,9
2013-09-19 19:56:09,Human,Channeler,Female,Arafel,12,15,15,15,14
2013-09-19 19:56:08,Human,Channeler,Female,Arafel,15,15,15,13,12
2013-09-19 19:56:07,Human,Channeler,Female,Arafel,18,16,15,12,12
2013-09-19 19:56:07,Human,Channeler,Female,Arafel,14,15,17,16,10
2013-09-19 19:56:07,Human,Channeler,Female,Arafel,16,17,15,15,12
2013-09-19 19:56:06,Human,Channeler,Female,Arafel,15,15,13,13,14
2013-09-19 19:56:06,Human,Channeler,Female,Arafel,13,16,18,15,12
2013-09-19 19:56:05,Human,Channeler,Female,Arafel,13,15,18,12,12
2013-09-19 19:56:04,Human,Channeler,Female,Arafel,15,18,14,12,12
2013-09-19 19:56:04,Human,Channeler,Female,Arafel,13,14,18,12,14
2013-09-19 19:54:29,Human,Channeler,Female,Arafel,16,16,17,13,12
2013-09-19 19:54:29,Human,Channeler,Female,Arafel,14,15,15,15,11
2013-09-19 19:54:28,Human,Channeler,Female,Arafel,15,15,15,13,12
2013-09-19 19:54:28,Human,Channeler,Female,Arafel,14,14,18,10,14
2013-09-19 19:54:27,Human,Channeler,Female,Arafel,16,14,15,11,14
2013-09-19 19:54:27,Human,Channeler,Female,Arafel,13,16,17,15,9
2013-09-19 19:54:26,Human,Channeler,Female,Arafel,12,18,16,16,11
2013-09-19 19:54:26,Human,Channeler,Female,Arafel,12,16,14,15,13
2013-09-19 19:54:26,Human,Channeler,Female,Arafel,15,15,13,15,12
2013-09-19 19:54:25,Human,Channeler,Female,Arafel,14,15,16,15,12
2013-09-19 19:54:25,Human,Channeler,Female,Arafel,14,15,18,13,16
2013-09-19 19:54:24,Human,Channeler,Female,Arafel,14,15,15,12,14
2013-09-19 19:54:24,Human,Channeler,Female,Arafel,16,13,15,15,14
2013-09-19 19:54:24,Human,Channeler,Female,Arafel,14,15,16,15,14
2013-09-19 19:54:23,Human,Channeler,Female,Arafel,14,16,18,13,14
2013-09-19 19:54:22,Human,Channeler,Female,Arafel,14,15,18,16,12
2013-09-19 19:54:22,Human,Channeler,Female,Arafel,14,15,15,13,13
2013-09-19 19:54:21,Human,Channeler,Female,Arafel,14,15,16,13,14
2013-09-19 19:54:21,Human,Channeler,Female,Arafel,13,15,17,16,12
2013-09-19 19:54:20,Human,Channeler,Female,Arafel,15,15,15,13,12
2013-09-19 19:54:19,Human,Channeler,Female,Arafel,12,17,18,14,13
2013-09-19 19:54:19,Human,Channeler,Female,Arafel,16,13,16,13,12
2013-09-19 19:54:19,Human,Channeler,Female,Arafel,16,16,16,13,14
2013-09-19 19:54:18,Human,Channeler,Female,Arafel,14,15,17,15,12
2013-09-19 19:54:18,Human,Channeler,Female,Arafel,12,13,16,15,14
2013-09-19 19:54:17,Human,Channeler,Female,Arafel,16,14,15,15,12
2013-09-19 19:54:17,Human,Channeler,Female,Arafel,16,15,16,11,15
2013-09-19 19:54:17,Human,Channeler,Female,Arafel,17,15,18,9,12
2013-09-19 19:54:16,Human,Channeler,Female,Arafel,15,15,15,12,13
2013-09-19 19:54:16,Human,Channeler,Female,Arafel,14,14,16,14,14
2013-09-19 19:54:15,Human,Channeler,Female,Arafel,14,14,15,14,13
2013-09-19 19:54:15,Human,Channeler,Female,Arafel,14,18,15,13,12
2013-09-19 19:54:14,Human,Channeler,Female,Arafel,16,15,14,15,12
2013-09-19 19:54:14,Human,Channeler,Female,Arafel,14,16,15,13,12
2013-09-19 19:54:14,Human,Channeler,Female,Arafel,14,16,13,16,12
2013-09-19 19:54:13,Human,Channeler,Female,Arafel,14,15,15,13,13
2013-09-19 19:54:13,Human,Channeler,Female,Arafel,14,15,17,13,12
2013-09-19 19:54:12,Human,Channeler,Female,Arafel,14,13,17,15,11
2013-09-19 19:54:11,Human,Channeler,Female,Arafel,11,17,15,14,14
2013-09-19 19:54:11,Human,Channeler,Female,Arafel,17,15,15,13,14
2013-09-19 19:54:11,Human,Channeler,Female,Arafel,13,17,15,13,13
2013-09-19 19:54:10,Human,Channeler,Female,Arafel,13,16,17,13,12
2013-09-19 19:54:10,Human,Channeler,Female,Arafel,16,16,15,13,13
2013-09-19 19:54:09,Human,Channeler,Female,Arafel,15,15,13,11,16
2013-09-19 19:54:09,Human,Channeler,Female,Arafel,15,14,17,13,11
2013-09-19 19:54:09,Human,Channeler,Female,Arafel,12,15,17,13,16
2013-09-19 19:54:08,Human,Channeler,Female,Arafel,17,14,16,13,12
2013-09-19 19:54:08,Human,Channeler,Female,Arafel,15,15,15,13,12
2013-09-19 19:54:07,Human,Channeler,Female,Arafel,15,15,17,12,11
2013-09-19 19:54:06,Human,Channeler,Female,Arafel,17,15,15,13,12
2013-09-19 19:54:06,Human,Channeler,Female,Arafel,14,16,16,13,13
2013-09-19 19:54:05,Human,Channeler,Female,Arafel,14,15,15,14,13
2013-09-19 19:54:05,Human,Channeler,Female,Arafel,14,15,15,13,14
2013-09-19 19:54:04,Human,Channeler,Female,Arafel,13,17,15,13,13
2013-09-19 19:54:03,Human,Channeler,Female,Arafel,16,15,17,13,9
2013-09-19 19:54:03,Human,Channeler,Female,Arafel,15,17,15,13,13
2013-09-19 19:54:03,Human,Channeler,Female,Arafel,15,13,17,13,12
2013-09-19 19:54:02,Human,Channeler,Female,Arafel,15,14,17,13,12
2013-09-19 19:54:02,Human,Channeler,Female,Arafel,12,15,16,14,13
2013-09-19 19:54:01,Human,Channeler,Female,Arafel,17,15,17,13,13
2013-09-19 19:54:01,Human,Channeler,Female,Arafel,14,15,15,14,12
2013-09-19 19:54:01,Human,Channeler,Female,Arafel,14,17,17,11,12
2013-09-19 19:54:00,Human,Channeler,Female,Arafel,14,16,19,13,12
2013-09-19 19:54:00,Human,Channeler,Female,Arafel,14,16,18,13,12
2013-09-19 19:54:00,Human,Channeler,Female,Arafel,14,13,17,15,14
2013-09-19 19:53:59,Human,Channeler,Female,Arafel,14,17,13,13,14
2013-09-19 19:53:59,Human,Channeler,Female,Arafel,16,12,16,14,12
2013-09-19 19:53:58,Human,Channeler,Female,Arafel,14,14,15,14,14
2013-09-19 19:53:58,Human,Channeler,Female,Arafel,12,17,16,13,13
2013-09-19 19:53:58,Human,Channeler,Female,Arafel,14,13,16,15,12
2013-09-19 19:53:57,Human,Channeler,Female,Arafel,17,15,15,13,11
2013-09-19 19:53:57,Human,Channeler,Female,Arafel,14,15,15,15,13
2013-09-19 19:53:57,Human,Channeler,Female,Arafel,14,17,18,15,12
2013-09-19 19:53:56,Human,Channeler,Female,Arafel,16,16,17,16,12
2013-09-19 19:53:56,Human,Channeler,Female,Arafel,14,18,18,14,14
2013-09-19 19:53:55,Human,Channeler,Female,Arafel,15,15,17,11,12
2013-09-19 19:53:54,Human,Channeler,Female,Arafel,17,15,15,13,12
2013-09-19 19:53:54,Human,Channeler,Female,Arafel,14,15,16,13,12
2013-09-19 19:53:53,Human,Channeler,Female,Arafel,14,15,15,15,13
2013-09-19 19:53:53,Human,Channeler,Female,Arafel,13,17,16,17,11
2013-09-19 19:53:53,Human,Channeler,Female,Arafel,14,15,15,14,14
2013-09-19 19:53:52,Human,Channeler,Female,Arafel,15,15,15,13,12
2013-09-19 19:53:52,Human,Channeler,Female,Arafel,14,16,14,13,13
2013-09-19 19:53:50,Human,Channeler,Female,Arafel,13,17,17,13,14
2013-09-19 19:53:50,Human,Channeler,Female,Arafel,14,15,15,14,12
2013-09-19 19:53:50,Human,Channeler,Female,Arafel,13,17,15,13,14
2013-09-19 19:53:49,Human,Channeler,Female,Arafel,14,18,16,14,12
2013-09-19 19:53:48,Human,Channeler,Female,Arafel,14,15,18,15,13
2013-09-19 19:53:48,Human,Channeler,Female,Arafel,14,15,17,13,12
2013-09-19 19:53:47,Human,Channeler,Female,Arafel,15,15,15,13,12
2013-09-19 19:53:47,Human,Channeler,Female,Arafel,14,16,15,15,14
2013-09-19 19:53:46,Human,Channeler,Female,Arafel,14,15,13,15,13
2013-09-19 19:53:45,Human,Channeler,Female,Arafel,14,15,14,15,13
2013-09-19 19:53:45,Human,Channeler,Female,Arafel,14,17,15,14,12
2013-09-19 19:53:44,Human,Channeler,Female,Arafel,16,15,16,13,10
2013-09-19 19:53:44,Human,Channeler,Female,Arafel,14,15,15,14,16
2013-09-19 19:53:43,Human,Channeler,Female,Arafel,12,16,15,15,14
2013-09-19 19:53:43,Human,Channeler,Female,Arafel,17,15,17,14,12
2013-09-19 19:53:42,Human,Channeler,Female,Arafel,14,15,16,12,14
2013-09-19 19:53:42,Human,Channeler,Female,Arafel,14,18,15,13,15
2013-09-19 19:53:42,Human,Channeler,Female,Arafel,13,16,18,13,10
2013-09-19 19:53:41,Human,Channeler,Female,Arafel,14,16,18,13,12
2013-09-19 19:53:41,Human,Channeler,Female,Arafel,14,17,15,13,13
2013-09-19 19:53:40,Human,Channeler,Female,Arafel,16,16,15,14,13
2013-09-19 19:53:39,Human,Channeler,Female,Arafel,14,17,17,11,13
2013-09-19 19:53:39,Human,Channeler,Female,Arafel,14,15,16,15,12
2013-09-19 19:53:38,Human,Channeler,Female,Arafel,16,15,14,15,10
2013-09-19 19:53:37,Human,Channeler,Female,Arafel,17,17,13,13,12
2013-09-19 19:53:37,Human,Channeler,Female,Arafel,15,15,15,13,15
2013-09-19 19:53:37,Human,Channeler,Female,Arafel,14,16,17,13,12
2013-09-19 19:53:36,Human,Channeler,Female,Arafel,14,15,18,14,10
2013-09-19 19:53:36,Human,Channeler,Female,Arafel,14,15,14,16,14
2013-09-19 19:53:36,Human,Channeler,Female,Arafel,14,16,14,14,12
2013-09-19 19:53:35,Human,Channeler,Female,Arafel,14,15,17,13,11
2013-09-19 19:53:35,Human,Channeler,Female,Arafel,16,17,15,11,13
2013-09-19 19:53:34,Human,Channeler,Female,Arafel,17,14,15,13,12
2013-09-19 19:53:33,Human,Channeler,Female,Arafel,15,16,17,11,12
2013-09-19 19:53:33,Human,Channeler,Female,Arafel,17,15,15,13,15
2013-09-19 19:53:32,Human,Channeler,Female,Arafel,14,17,19,13,13
2013-09-19 19:53:32,Human,Channeler,Female,Arafel,17,15,16,12,10
2013-09-19 19:53:31,Human,Channeler,Female,Arafel,15,16,16,13,13
2013-09-19 19:53:31,Human,Channeler,Female,Arafel,16,15,15,13,11
2013-09-19 19:53:31,Human,Channeler,Female,Arafel,16,15,16,13,12
2013-09-19 19:53:30,Human,Channeler,Female,Arafel,14,17,15,13,14
2013-09-19 19:53:30,Human,Channeler,Female,Arafel,14,17,15,13,14
2013-09-19 19:53:29,Human,Channeler,Female,Arafel,14,17,15,11,14
2013-09-19 19:53:29,Human,Channeler,Female,Arafel,13,14,17,14,14
2013-09-19 19:53:28,Human,Channeler,Female,Arafel,16,16,15,11,12
2013-09-19 19:53:28,Human,Channeler,Female,Arafel,13,15,16,15,12
2013-09-19 19:53:26,Human,Channeler,Female,Arafel,14,15,14,15,12
2013-09-19 19:53:26,Human,Channeler,Female,Arafel,15,17,17,16,11
2013-09-19 19:53:26,Human,Channeler,Female,Arafel,15,15,14,14,14
2013-09-19 19:53:25,Human,Channeler,Female,Arafel,17,15,15,13,12
2013-09-19 19:53:25,Human,Channeler,Female,Arafel,15,16,15,16,12
2013-09-19 19:53:25,Human,Channeler,Female,Arafel,14,15,17,13,15
2013-09-19 19:53:24,Human,Channeler,Female,Arafel,14,13,17,15,12
2013-09-19 19:53:24,Human,Channeler,Female,Arafel,17,14,17,13,14
2013-09-19 19:53:23,Human,Channeler,Female,Arafel,13,16,15,13,14
2013-09-19 19:53:22,Human,Channeler,Female,Arafel,14,15,18,14,10
2013-09-19 19:53:22,Human,Channeler,Female,Arafel,14,16,18,14,12
2013-09-19 19:53:22,Human,Channeler,Female,Arafel,12,15,15,14,15
2013-09-19 19:53:21,Human,Channeler,Female,Arafel,14,16,17,13,11
2013-09-19 19:53:20,Human,Channeler,Female,Arafel,14,16,15,13,12
2013-09-19 19:53:20,Human,Channeler,Female,Arafel,17,15,15,17,13
2013-09-19 19:53:19,Human,Channeler,Female,Arafel,16,14,15,15,13
2013-09-19 19:53:19,Human,Channeler,Female,Arafel,16,15,15,13,11
2013-09-19 19:53:18,Human,Channeler,Female,Arafel,14,13,14,16,15
2013-09-19 19:53:18,Human,Channeler,Female,Arafel,14,14,16,14,12
2013-09-19 19:53:17,Human,Channeler,Female,Arafel,15,15,15,13,12
2013-09-19 19:53:16,Human,Channeler,Female,Arafel,12,16,14,16,13
2013-09-19 19:53:16,Human,Channeler,Female,Arafel,14,15,13,15,14
2013-09-19 19:53:15,Human,Channeler,Female,Arafel,15,18,13,15,10
2013-09-19 19:53:15,Human,Channeler,Female,Arafel,17,15,13,12,14
2013-09-19 19:53:15,Human,Channeler,Female,Arafel,16,15,15,12,12
2013-09-19 19:53:14,Human,Channeler,Female,Arafel,18,16,13,11,12
2013-09-19 19:53:14,Human,Channeler,Female,Arafel,15,17,16,12,12
2013-09-19 19:53:13,Human,Channeler,Female,Arafel,16,14,15,17,9
2013-09-19 19:53:13,Human,Channeler,Female,Arafel,16,14,15,14,13
2013-09-19 19:53:13,Human,Channeler,Female,Arafel,14,16,16,11,14
2013-09-19 19:53:12,Human,Channeler,Female,Arafel,15,15,15,13,12
2013-09-19 19:53:12,Human,Channeler,Female,Arafel,15,18,15,12,12
2013-09-19 19:53:11,Human,Channeler,Female,Arafel,14,17,16,13,12
2013-09-19 19:53:11,Human,Channeler,Female,Arafel,15,14,15,13,15
2013-09-19 19:53:11,Human,Channeler,Female,Arafel,16,15,16,13,12
2013-09-19 19:53:10,Human,Channeler,Female,Arafel,13,18,15,13,14
2013-09-19 19:53:10,Human,Channeler,Female,Arafel,14,15,17,13,12
2013-09-19 19:53:09,Human,Channeler,Female,Arafel,14,16,13,13,15
2013-09-19 19:53:09,Human,Channeler,Female,Arafel,14,14,17,14,12
2013-09-19 19:53:09,Human,Channeler,Female,Arafel,12,15,16,15,14
2013-09-19 19:53:08,Human,Channeler,Female,Arafel,15,17,18,13,12
2013-09-19 19:53:08,Human,Channeler,Female,Arafel,14,17,15,13,13
2013-09-19 19:53:07,Human,Channeler,Female,Arafel,16,15,15,13,14
2013-09-19 19:53:06,Human,Channeler,Female,Arafel,17,15,15,14,14
2013-09-19 19:53:06,Human,Channeler,Female,Arafel,15,16,15,15,14
2013-09-19 19:53:06,Human,Channeler,Female,Arafel,14,16,17,14,14
2013-09-19 19:53:05,Human,Channeler,Female,Arafel,16,16,15,12,13
2013-09-19 19:53:05,Human,Channeler,Female,Arafel,14,16,18,13,12
2013-09-19 19:53:04,Human,Channeler,Female,Arafel,14,15,17,14,12
2013-09-19 19:53:04,Human,Channeler,Female,Arafel,16,17,16,9,12
2013-09-19 19:53:03,Human,Channeler,Female,Arafel,14,16,14,13,14
2013-09-19 19:53:03,Human,Channeler,Female,Arafel,14,18,16,14,13
2013-09-19 19:53:02,Human,Channeler,Female,Arafel,15,16,15,12,12
2013-09-19 19:53:01,Human,Channeler,Female,Arafel,16,12,18,13,14
2013-09-19 19:53:01,Human,Channeler,Female,Arafel,16,15,16,11,12
2013-09-19 19:53:01,Human,Channeler,Female,Arafel,16,17,14,13,11
2013-09-19 19:53:00,Human,Channeler,Female,Arafel,16,13,17,13,12
2013-09-19 19:53:00,Human,Channeler,Female,Arafel,14,17,15,13,12
2013-09-19 19:53:00,Human,Channeler,Female,Arafel,15,15,15,13,12
2013-09-19 19:52:59,Human,Channeler,Female,Arafel,14,17,16,13,11
2013-09-19 19:52:59,Human,Channeler,Female,Arafel,14,15,15,14,12
2013-09-19 19:52:58,Human,Channeler,Female,Arafel,14,14,16,13,14
2013-09-19 19:52:58,Human,Channeler,Female,Arafel,17,17,13,12,12
2013-09-19 19:52:57,Human,Channeler,Female,Arafel,17,16,13,12,13
2013-09-19 19:52:57,Human,Channeler,Female,Arafel,14,15,18,12,13
2013-09-19 19:52:57,Human,Channeler,Female,Arafel,14,15,16,15,12
2013-09-19 19:52:56,Human,Channeler,Female,Arafel,16,15,14,12,14
2013-09-19 19:52:56,Human,Channeler,Female,Arafel,16,15,15,13,15
2013-09-19 19:52:56,Human,Channeler,Female,Arafel,16,15,15,15,14
2013-09-19 19:52:55,Human,Channeler,Female,Arafel,13,15,15,14,14
2013-09-19 19:52:54,Human,Channeler,Female,Arafel,15,16,18,13,16
2013-09-19 19:52:53,Human,Channeler,Female,Arafel,14,14,15,13,16
2013-09-19 19:52:53,Human,Channeler,Female,Arafel,12,16,13,17,12
2013-09-19 19:52:53,Human,Channeler,Female,Arafel,13,13,17,16,12
2013-09-19 19:52:52,Human,Channeler,Female,Arafel,12,17,16,15,12
2013-09-19 19:52:52,Human,Channeler,Female,Arafel,16,18,15,13,12
2013-09-19 19:52:51,Human,Channeler,Female,Arafel,15,18,16,13,11
2013-09-19 19:52:51,Human,Channeler,Female,Arafel,15,17,16,13,12
2013-09-19 19:52:51,Human,Channeler,Female,Arafel,13,16,15,13,14
2013-09-19 19:52:50,Human,Channeler,Female,Arafel,15,16,15,14,12
2013-09-19 19:52:50,Human,Channeler,Female,Arafel,14,17,15,13,14
2013-09-19 19:52:49,Human,Channeler,Female,Arafel,15,15,19,13,12
2013-09-19 19:52:49,Human,Channeler,Female,Arafel,14,18,15,14,12
2013-09-19 19:52:48,Human,Channeler,Female,Arafel,15,15,15,13,13
2013-09-19 19:52:48,Human,Channeler,Female,Arafel,15,19,15,16,10
2013-09-19 19:52:47,Human,Channeler,Female,Arafel,15,15,18,16,10
2013-09-19 19:52:47,Human,Channeler,Female,Arafel,16,15,15,15,10
2013-09-19 19:52:46,Human,Channeler,Female,Arafel,16,16,15,16,12
2013-09-19 19:52:46,Human,Channeler,Female,Arafel,13,17,17,15,11
2013-09-19 19:52:45,Human,Channeler,Female,Arafel,14,14,15,13,14
2013-09-19 19:52:45,Human,Channeler,Female,Arafel,12,15,17,14,13
2013-09-19 19:52:45,Human,Channeler,Female,Arafel,16,19,15,11,12
2013-09-19 19:52:44,Human,Channeler,Female,Arafel,16,17,15,16,16
2013-09-19 19:52:44,Human,Channeler,Female,Arafel,14,17,14,15,12
2013-09-19 19:52:43,Human,Channeler,Female,Arafel,15,17,15,13,13
2013-09-19 19:52:42,Human,Channeler,Female,Arafel,15,15,15,15,11
2013-09-19 19:52:42,Human,Channeler,Female,Arafel,14,17,14,12,13
2013-09-19 19:52:42,Human,Channeler,Female,Arafel,14,14,17,15,13
2013-09-19 19:52:41,Human,Channeler,Female,Arafel,17,15,15,12,11
2013-09-19 19:52:41,Human,Channeler,Female,Arafel,15,15,14,14,13
2013-09-19 19:52:41,Human,Channeler,Female,Arafel,14,17,17,14,12
2013-09-19 19:52:40,Human,Channeler,Female,Arafel,14,15,15,14,13
2013-09-19 19:52:39,Human,Channeler,Female,Arafel,14,15,18,11,12
2013-09-19 19:52:39,Human,Channeler,Female,Arafel,14,17,15,14,10
2013-09-19 19:52:38,Human,Channeler,Female,Arafel,15,13,17,13,13
2013-09-19 19:52:38,Human,Channeler,Female,Arafel,13,15,15,14,13
2013-09-19 19:52:37,Human,Channeler,Female,Arafel,14,17,15,13,14
2013-09-19 19:52:36,Human,Channeler,Female,Arafel,14,16,15,15,12
2013-09-19 19:52:36,Human,Channeler,Female,Arafel,12,15,15,14,15
2013-09-19 19:52:35,Human,Channeler,Female,Arafel,16,15,15,14,14
2013-09-19 19:52:34,Human,Channeler,Female,Arafel,16,17,13,13,13
2013-09-19 19:52:34,Human,Channeler,Female,Arafel,14,13,15,14,14
2013-09-19 19:52:34,Human,Channeler,Female,Arafel,16,16,16,15,9
2013-09-19 19:52:33,Human,Channeler,Female,Arafel,14,18,14,14,13
2013-09-19 19:52:33,Human,Channeler,Female,Arafel,16,13,14,14,14
2013-09-19 19:52:32,Human,Channeler,Female,Arafel,13,15,19,13,12
2013-09-19 19:52:32,Human,Channeler,Female,Arafel,14,17,15,13,12
2013-09-19 19:52:31,Human,Channeler,Female,Arafel,16,17,16,11,11
2013-09-19 19:52:31,Human,Channeler,Female,Arafel,17,15,15,13,13
2013-09-19 19:52:31,Human,Channeler,Female,Arafel,13,17,15,12,13
2013-09-19 19:52:30,Human,Channeler,Female,Arafel,13,17,17,15,12
2013-09-19 19:52:30,Human,Channeler,Female,Arafel,16,17,12,14,14
2013-09-19 19:52:29,Human,Channeler,Female,Arafel,16,15,15,11,16
2013-09-19 19:52:29,Human,Channeler,Female,Arafel,14,16,15,15,14
2013-09-19 19:52:29,Human,Channeler,Female,Arafel,14,17,17,12,11
2013-09-19 19:52:28,Human,Channeler,Female,Arafel,17,16,15,13,13
2013-09-19 19:52:28,Human,Channeler,Female,Arafel,16,15,15,13,12
2013-09-19 19:52:27,Human,Channeler,Female,Arafel,17,17,15,14,12
2013-09-19 19:52:27,Human,Channeler,Female,Arafel,14,15,13,15,13
2013-09-19 19:52:27,Human,Channeler,Female,Arafel,12,18,18,11,12
2013-09-19 19:52:26,Human,Channeler,Female,Arafel,13,17,15,13,12
2013-09-19 19:52:25,Human,Channeler,Female,Arafel,14,15,15,16,14
2013-09-19 19:52:24,Human,Channeler,Female,Arafel,14,18,15,13,11
2013-09-19 19:52:24,Human,Channeler,Female,Arafel,15,16,17,13,13
2013-09-19 19:52:23,Human,Channeler,Female,Arafel,14,17,15,15,10
2013-09-19 19:52:23,Human,Channeler,Female,Arafel,14,15,18,13,12
2013-09-19 19:52:22,Human,Channeler,Female,Arafel,14,18,19,14,12
2013-09-19 19:52:22,Human,Channeler,Female,Arafel,14,14,15,15,14
2013-09-19 19:52:21,Human,Channeler,Female,Arafel,14,16,16,13,12
2013-09-19 19:52:21,Human,Channeler,Female,Arafel,14,15,16,13,12
2013-09-19 19:52:20,Human,Channeler,Female,Arafel,14,15,14,12,16
2013-09-19 19:52:20,Human,Channeler,Female,Arafel,14,16,15,15,13
2013-09-19 19:52:19,Human,Channeler,Female,Arafel,17,19,16,13,13
2013-09-19 19:52:18,Human,Channeler,Female,Arafel,13,15,18,16,12
2013-09-19 19:52:18,Human,Channeler,Female,Arafel,17,15,18,13,14
2013-09-19 19:52:17,Human,Channeler,Female,Arafel,14,17,14,13,12
2013-09-19 19:52:16,Human,Channeler,Female,Arafel,12,13,15,15,15
2013-09-19 19:52:16,Human,Channeler,Female,Arafel,16,15,16,13,14
2013-09-19 19:52:16,Human,Channeler,Female,Arafel,12,17,18,17,11
2013-09-19 19:52:15,Human,Channeler,Female,Arafel,15,13,16,15,14
2013-09-19 19:52:15,Human,Channeler,Female,Arafel,14,16,17,14,12
2013-09-19 19:52:14,Human,Channeler,Female,Arafel,18,15,15,13,11
2013-09-19 19:52:13,Human,Channeler,Female,Arafel,16,17,13,16,14
2013-09-19 19:52:12,Human,Channeler,Female,Arafel,15,17,15,13,11
2013-09-19 19:52:12,Human,Channeler,Female,Arafel,14,15,17,13,11
2013-09-19 19:52:11,Human,Channeler,Female,Arafel,14,15,15,13,13
2013-09-19 19:52:11,Human,Channeler,Female,Arafel,16,15,16,15,14
2013-09-19 19:52:09,Human,Channeler,Female,Arafel,16,15,16,13,14
2013-09-19 19:52:09,Human,Channeler,Female,Arafel,14,17,14,17,12
2013-09-19 19:52:08,Human,Channeler,Female,Arafel,15,17,14,14,12
2013-09-19 19:52:08,Human,Channeler,Female,Arafel,17,15,15,15,12
2013-09-19 19:52:08,Human,Channeler,Female,Arafel,14,15,16,13,12
2013-09-19 19:52:07,Human,Channeler,Female,Arafel,14,15,15,17,13
2013-09-19 19:52:07,Human,Channeler,Female,Arafel,15,16,15,13,12
2013-09-19 19:52:06,Human,Channeler,Female,Arafel,14,16,15,13,12
2013-09-19 19:52:06,Human,Channeler,Female,Arafel,16,15,17,13,13
2013-09-19 19:52:06,Human,Channeler,Female,Arafel,15,16,16,14,12
2013-09-19 19:52:05,Human,Channeler,Female,Arafel,16,15,15,13,12
2013-09-19 19:52:04,Human,Channeler,Female,Arafel,14,15,16,13,12
2013-09-19 19:52:04,Human,Channeler,Female,Arafel,13,15,16,14,12
2013-09-19 19:52:04,Human,Channeler,Female,Arafel,16,15,15,14,14
2013-09-19 19:52:03,Human,Channeler,Female,Arafel,16,19,15,15,12
2013-09-19 19:52:03,Human,Channeler,Female,Arafel,14,14,13,15,14
2013-09-19 19:52:02,Human,Channeler,Female,Arafel,16,17,15,12,12
2013-09-19 19:52:02,Human,Channeler,Female,Arafel,15,16,13,13,14
2013-09-19 19:52:01,Human,Channeler,Female,Arafel,16,15,15,13,12
2013-09-19 19:52:01,Human,Channeler,Female,Arafel,17,15,13,14,13
2013-09-19 19:52:01,Human,Channeler,Female,Arafel,17,15,15,11,12
2013-09-19 19:52:00,Human,Channeler,Female,Arafel,14,19,12,13,14
2013-09-19 19:52:00,Human,Channeler,Female,Arafel,14,19,14,14,13
2013-09-19 19:51:59,Human,Channeler,Female,Arafel,12,15,17,15,12
2013-09-19 19:51:59,Human,Channeler,Female,Arafel,14,14,19,15,13
2013-09-19 19:51:58,Human,Channeler,Female,Arafel,16,15,14,13,12
2013-09-19 19:51:58,Human,Channeler,Female,Arafel,16,15,12,16,13
2013-09-19 19:51:58,Human,Channeler,Female,Arafel,12,15,16,12,15
2013-09-19 19:51:57,Human,Channeler,Female,Arafel,17,14,15,14,14
2013-09-19 19:51:56,Human,Channeler,Female,Arafel,17,14,14,13,13
2013-09-19 19:51:56,Human,Channeler,Female,Arafel,13,15,15,13,15
2013-09-19 19:51:55,Human,Channeler,Female,Arafel,14,18,15,15,12
2013-09-19 19:51:55,Human,Channeler,Female,Arafel,14,17,19,15,13
2013-09-19 19:51:54,Human,Channeler,Female,Arafel,14,15,17,13,14
2013-09-19 19:51:53,Human,Channeler,Female,Arafel,15,15,14,14,12
2013-09-19 19:51:49,Human,Channeler,Female,Arafel,15,15,14,14,12
2013-09-19 19:51:48,Human,Channeler,Female,Arafel,15,19,12,13,12
2013-09-19 19:51:47,Human,Channeler,Female,Arafel,14,15,18,14,10
2013-09-19 19:51:46,Human,Channeler,Female,Arafel,15,15,14,11,15
2013-09-19 19:51:46,Human,Channeler,Female,Arafel,16,16,15,13,14
2013-09-19 19:51:45,Human,Channeler,Female,Arafel,15,17,17,15,12
2013-09-19 19:51:43,Human,Channeler,Female,Arafel,14,17,16,14,12
2013-09-19 19:51:43,Human,Channeler,Female,Arafel,15,16,16,13,12
2013-09-19 19:51:42,Human,Channeler,Female,Arafel,14,18,17,13,12
2013-09-19 19:51:41,Human,Channeler,Female,Arafel,18,13,18,12,13
2013-09-19 19:51:40,Human,Channeler,Female,Arafel,16,15,14,14,14
2013-09-19 19:51:39,Human,Channeler,Female,Arafel,16,15,15,13,14
2013-09-19 19:51:37,Human,Channeler,Female,Arafel,15,15,15,13,15
2013-09-19 19:51:37,Human,Channeler,Female,Arafel,16,17,15,13,13
2013-09-19 19:51:36,Human,Channeler,Female,Arafel,14,19,14,13,14
2013-09-19 19:51:35,Human,Channeler,Female,Arafel,14,17,13,11,15
2013-09-19 19:51:35,Human,Channeler,Female,Arafel,12,17,13,13,15
2013-09-19 19:51:34,Human,Channeler,Female,Arafel,16,15,16,13,12
2013-09-19 19:51:33,Human,Channeler,Female,Arafel,14,15,15,16,12
2013-09-19 19:51:33,Human,Channeler,Female,Arafel,16,15,18,14,13
2013-09-19 19:51:32,Human,Channeler,Female,Arafel,12,17,17,13,15
2013-09-19 19:51:32,Human,Channeler,Female,Arafel,14,15,17,14,14
2013-09-19 19:51:31,Human,Channeler,Female,Arafel,14,16,17,14,12
2013-09-19 19:51:31,Human,Channeler,Female,Arafel,17,17,15,11,10
2013-09-19 19:51:30,Human,Channeler,Female,Arafel,15,19,15,13,12
2013-09-19 19:51:30,Human,Channeler,Female,Arafel,14,17,15,15,12
2013-09-19 19:51:30,Human,Channeler,Female,Arafel,14,14,15,13,15
2013-09-19 19:51:29,Human,Channeler,Female,Arafel,15,17,17,12,12
2013-09-19 19:51:29,Human,Channeler,Female,Arafel,12,17,18,14,9
2013-09-19 19:51:28,Human,Channeler,Female,Arafel,17,15,14,13,13
2013-09-19 19:51:28,Human,Channeler,Female,Arafel,16,13,15,13,14
2013-09-19 19:51:22,Human,Channeler,Female,Arafel,15,15,15,13,15
2013-09-19 19:51:21,Human,Channeler,Female,Arafel,15,18,16,13,15
2013-09-19 19:51:20,Human,Channeler,Female,Arafel,16,15,18,13,12
2013-09-19 19:51:20,Human,Channeler,Female,Arafel,16,15,17,13,12
2013-09-19 19:51:18,Human,Channeler,Female,Arafel,17,15,13,12,14
2013-09-19 19:51:17,Human,Channeler,Female,Arafel,11,18,15,13,14
2013-09-19 19:51:16,Human,Channeler,Female,Arafel,13,17,18,13,13
2013-09-19 19:51:15,Human,Channeler,Female,Arafel,14,16,16,15,12
2013-09-19 19:51:14,Human,Channeler,Female,Arafel,14,13,16,15,15
2013-09-19 19:51:14,Human,Channeler,Female,Arafel,15,17,18,15,9
2013-09-19 19:51:12,Human,Channeler,Female,Arafel,15,12,15,14,14
2013-09-19 19:51:11,Human,Channeler,Female,Arafel,14,14,17,13,15
2013-09-19 19:51:11,Human,Channeler,Female,Arafel,16,15,15,13,12
2013-09-19 19:51:10,Human,Channeler,Female,Arafel,14,15,16,13,12
2013-09-19 19:51:08,Human,Channeler,Female,Arafel,14,17,15,13,12
2013-09-19 19:51:07,Human,Channeler,Female,Arafel,15,15,15,13,12
2013-09-19 19:51:06,Human,Channeler,Female,Arafel,13,16,15,16,12
2013-09-19 19:51:05,Human,Channeler,Female,Arafel,14,18,14,16,14
2013-09-19 19:51:04,Human,Channeler,Female,Arafel,16,16,15,13,14
2013-09-19 19:51:03,Human,Channeler,Female,Arafel,14,17,15,16,10
2013-09-19 19:51:03,Human,Channeler,Female,Arafel,16,15,14,13,12
2013-09-19 19:51:02,Human,Channeler,Female,Arafel,18,14,15,13,12
2013-09-19 19:51:01,Human,Channeler,Female,Arafel,16,13,15,15,12
2013-09-19 19:51:00,Human,Channeler,Female,Arafel,15,13,15,16,12
2013-09-19 19:50:59,Human,Channeler,Female,Arafel,13,15,16,14,14
2013-09-19 19:50:58,Human,Channeler,Female,Arafel,16,15,15,12,14
2013-09-19 19:50:58,Human,Channeler,Female,Arafel,14,16,16,13,12
2013-09-19 19:50:57,Human,Channeler,Female,Arafel,14,15,17,13,11
2013-09-19 19:50:56,Human,Channeler,Female,Arafel,16,13,15,15,12
2013-09-19 19:50:55,Human,Channeler,Female,Arafel,16,15,14,13,12
2013-09-19 19:50:54,Human,Channeler,Female,Arafel,14,14,17,14,11
2013-09-19 19:50:54,Human,Channeler,Female,Arafel,14,15,15,17,12
2013-09-19 19:50:53,Human,Channeler,Female,Arafel,14,15,15,15,13
2013-09-19 19:50:53,Human,Channeler,Female,Arafel,13,15,15,13,15
2013-09-19 19:50:53,Human,Channeler,Female,Arafel,14,17,18,13,14
2013-09-19 18:55:11,Human,Channeler,Male,Arafel,15,15,15,16,12
2013-09-19 18:55:10,Human,Channeler,Male,Arafel,15,14,16,13,13
2013-09-19 18:55:10,Human,Channeler,Male,Arafel,14,15,17,16,9
2013-09-19 18:55:10,Human,Channeler,Male,Arafel,15,15,15,15,12
2013-09-19 18:55:09,Human,Channeler,Male,Arafel,15,15,15,15,12
2013-09-19 18:55:08,Human,Channeler,Male,Arafel,13,17,15,15,11
2013-09-19 18:55:07,Human,Channeler,Male,Arafel,12,17,15,15,14
2013-09-19 18:55:07,Human,Channeler,Male,Arafel,16,16,14,13,11
2013-09-19 18:55:07,Human,Channeler,Male,Arafel,14,17,14,13,12
2013-09-19 18:55:06,Human,Channeler,Male,Arafel,15,14,17,12,15
2013-09-19 18:55:06,Human,Channeler,Male,Arafel,15,15,17,14,12
2013-09-19 18:55:05,Human,Channeler,Male,Arafel,14,16,15,13,12
2013-09-19 18:55:05,Human,Channeler,Male,Arafel,15,15,16,13,11
2013-09-19 18:55:03,Human,Channeler,Male,Arafel,15,15,15,16,12
2013-09-19 18:55:03,Human,Channeler,Male,Arafel,15,15,15,13,12
2013-09-19 18:55:02,Human,Channeler,Male,Arafel,13,19,15,14,12
2013-09-19 18:55:00,Human,Channeler,Male,Arafel,15,13,17,14,14
2013-09-19 18:54:59,Human,Channeler,Male,Arafel,15,13,16,14,12
2013-09-19 18:54:58,Human,Channeler,Male,Arafel,16,18,17,13,12
2013-09-19 18:54:58,Human,Channeler,Male,Arafel,14,15,15,16,10
2013-09-19 18:54:57,Human,Channeler,Male,Arafel,15,15,17,12,12
2013-09-19 18:54:57,Human,Channeler,Male,Arafel,15,15,15,17,10
2013-09-19 18:54:56,Human,Channeler,Male,Arafel,17,17,15,13,12
2013-09-19 18:54:56,Human,Channeler,Male,Arafel,14,14,17,13,12
2013-09-19 18:54:55,Human,Channeler,Male,Arafel,15,16,16,12,11
2013-09-19 18:54:55,Human,Channeler,Male,Arafel,14,16,17,12,12
2013-09-19 18:54:54,Human,Channeler,Male,Arafel,14,17,18,13,12
2013-09-19 18:54:54,Human,Channeler,Male,Arafel,16,16,13,13,13
2013-09-19 18:54:54,Human,Channeler,Male,Arafel,16,18,13,14,12
2013-09-19 18:54:53,Human,Channeler,Male,Arafel,18,16,13,14,12
2013-09-19 18:54:53,Human,Channeler,Male,Arafel,14,15,15,15,11
2013-09-19 18:54:52,Human,Channeler,Male,Arafel,15,15,13,14,13
2013-09-19 18:54:51,Human,Channeler,Male,Arafel,14,16,17,16,12
2013-09-19 18:54:51,Human,Channeler,Male,Arafel,14,16,16,14,13
2013-09-19 18:54:51,Human,Channeler,Male,Arafel,14,16,15,13,12
2013-09-19 18:54:50,Human,Channeler,Male,Arafel,14,13,15,13,15
2013-09-19 18:54:49,Human,Channeler,Male,Arafel,15,17,15,16,11
2013-09-19 18:54:49,Human,Channeler,Male,Arafel,14,18,15,15,12
2013-09-19 18:54:49,Human,Channeler,Male,Arafel,16,17,13,16,10
2013-09-19 18:54:48,Human,Channeler,Male,Arafel,14,15,15,12,15
2013-09-19 18:54:48,Human,Channeler,Male,Arafel,14,15,14,15,12
2013-09-19 18:54:47,Human,Channeler,Male,Arafel,18,14,15,13,13
2013-09-19 18:54:47,Human,Channeler,Male,Arafel,14,15,15,16,14
2013-09-19 18:54:46,Human,Channeler,Male,Arafel,14,18,16,13,12
2013-09-19 18:54:46,Human,Channeler,Male,Arafel,14,18,17,12,14
2013-09-19 18:54:45,Human,Channeler,Male,Arafel,13,15,16,15,15
2013-09-19 18:54:45,Human,Channeler,Male,Arafel,15,14,17,13,14
2013-09-19 18:54:44,Human,Channeler,Male,Arafel,14,12,16,15,14
2013-09-19 18:54:43,Human,Channeler,Male,Arafel,14,19,15,13,12
2013-09-19 18:54:43,Human,Channeler,Male,Arafel,14,18,15,15,11
2013-09-19 18:54:42,Human,Channeler,Male,Arafel,14,15,15,15,14
2013-09-19 18:54:42,Human,Channeler,Male,Arafel,17,18,13,15,12
2013-09-19 18:54:41,Human,Channeler,Male,Arafel,14,15,17,13,12
2013-09-19 18:54:41,Human,Channeler,Male,Arafel,16,15,14,13,12
2013-09-19 18:54:40,Human,Channeler,Male,Arafel,13,17,14,13,14
2013-09-19 18:54:40,Human,Channeler,Male,Arafel,14,15,14,13,15
2013-09-19 18:54:39,Human,Channeler,Male,Arafel,14,18,15,15,12
2013-09-19 18:54:39,Human,Channeler,Male,Arafel,16,15,18,11,12
2013-09-19 18:54:38,Human,Channeler,Male,Arafel,14,15,16,14,12
2013-09-19 18:54:38,Human,Channeler,Male,Arafel,17,17,18,13,12
2013-09-19 18:54:37,Human,Channeler,Male,Arafel,15,16,18,13,14
2013-09-19 18:54:37,Human,Channeler,Male,Arafel,14,15,15,17,10
2013-09-19 18:54:36,Human,Channeler,Male,Arafel,16,19,16,15,12
2013-09-19 18:54:36,Human,Channeler,Male,Arafel,15,15,13,15,14
2013-09-19 18:54:35,Human,Channeler,Male,Arafel,15,15,16,14,12
2013-09-19 18:54:34,Human,Channeler,Male,Arafel,16,16,13,14,12
2013-09-19 18:54:34,Human,Channeler,Male,Arafel,14,15,16,13,12
2013-09-19 18:54:33,Human,Channeler,Male,Arafel,13,15,18,11,15
2013-09-19 18:54:33,Human,Channeler,Male,Arafel,15,17,15,13,13
2013-09-19 18:54:33,Human,Channeler,Male,Arafel,14,15,15,13,16
2013-09-19 18:54:32,Human,Channeler,Male,Arafel,15,15,15,14,16
2013-09-19 18:54:32,Human,Channeler,Male,Arafel,16,15,14,13,13
2013-09-19 18:54:32,Human,Channeler,Male,Arafel,14,15,15,13,14
2013-09-19 18:54:31,Human,Channeler,Male,Arafel,14,15,17,14,12
2013-09-19 18:54:31,Human,Channeler,Male,Arafel,16,16,13,13,13
2013-09-19 18:54:30,Human,Channeler,Male,Arafel,17,16,17,11,12
2013-09-19 18:54:30,Human,Channeler,Male,Arafel,15,17,15,13,12
2013-09-19 18:54:29,Human,Channeler,Male,Arafel,13,15,16,13,13
2013-09-19 18:54:29,Human,Channeler,Male,Arafel,16,15,17,16,12
2013-09-19 18:54:29,Human,Channeler,Male,Arafel,17,15,15,13,10
2013-09-19 18:54:28,Human,Channeler,Male,Arafel,14,16,13,16,14
2013-09-19 18:54:28,Human,Channeler,Male,Arafel,16,15,19,12,12
2013-09-19 18:54:27,Human,Channeler,Male,Arafel,14,15,18,13,13
2013-09-19 18:54:27,Human,Channeler,Male,Arafel,14,16,15,15,10
2013-09-19 18:54:26,Human,Channeler,Male,Arafel,15,15,18,14,13
2013-09-19 18:54:26,Human,Channeler,Male,Arafel,16,13,15,14,14
2013-09-19 18:54:26,Human,Channeler,Male,Arafel,14,15,17,13,13
2013-09-19 18:54:25,Human,Channeler,Male,Arafel,15,15,13,13,15
2013-09-19 18:54:25,Human,Channeler,Male,Arafel,14,18,17,14,14
2013-09-19 18:54:24,Human,Channeler,Male,Arafel,12,14,16,14,14
2013-09-19 18:54:24,Human,Channeler,Male,Arafel,15,14,16,13,12
2013-09-19 18:54:24,Human,Channeler,Male,Arafel,14,15,14,15,15
2013-09-19 18:54:23,Human,Channeler,Male,Arafel,17,15,15,12,12
2013-09-19 18:54:22,Human,Channeler,Male,Arafel,14,16,15,13,12
2013-09-19 18:54:21,Human,Channeler,Male,Arafel,16,17,18,13,11
2013-09-19 18:54:21,Human,Channeler,Male,Arafel,14,18,14,13,13
2013-09-19 18:54:20,Human,Channeler,Male,Arafel,14,15,14,15,12
2013-09-19 18:54:20,Human,Channeler,Male,Arafel,15,17,16,15,11
2013-09-19 18:54:19,Human,Channeler,Male,Arafel,14,15,17,14,10
2013-09-19 18:54:19,Human,Channeler,Male,Arafel,14,17,15,13,14
2013-09-19 18:54:19,Human,Channeler,Male,Arafel,14,17,15,15,10
2013-09-19 18:54:18,Human,Channeler,Male,Arafel,16,18,15,9,12
2013-09-19 18:54:17,Human,Channeler,Male,Arafel,14,15,16,15,12
2013-09-19 18:54:17,Human,Channeler,Male,Arafel,15,13,15,14,14
2013-09-19 18:54:17,Human,Channeler,Male,Arafel,14,17,15,14,14
2013-09-19 18:54:16,Human,Channeler,Male,Arafel,14,15,17,14,12
2013-09-19 18:54:16,Human,Channeler,Male,Arafel,14,16,19,15,10
2013-09-19 18:54:15,Human,Channeler,Male,Arafel,14,16,17,13,12
2013-09-19 18:54:15,Human,Channeler,Male,Arafel,14,18,14,13,14
2013-09-19 18:54:15,Human,Channeler,Male,Arafel,14,17,15,15,12
2013-09-19 18:54:14,Human,Channeler,Male,Arafel,16,15,15,15,12
2013-09-19 18:54:14,Human,Channeler,Male,Arafel,14,14,17,13,12
2013-09-19 18:54:13,Human,Channeler,Male,Arafel,14,14,17,14,12
2013-09-19 18:54:13,Human,Channeler,Male,Arafel,15,12,18,13,12
2013-09-19 18:54:13,Human,Channeler,Male,Arafel,16,16,14,15,10
2013-09-19 18:54:12,Human,Channeler,Male,Arafel,17,17,15,13,12
2013-09-19 18:54:12,Human,Channeler,Male,Arafel,13,17,16,13,12
2013-09-19 18:54:11,Human,Channeler,Male,Arafel,14,17,15,10,14
2013-09-19 18:54:11,Human,Channeler,Male,Arafel,17,15,15,11,12
2013-09-19 18:54:11,Human,Channeler,Male,Arafel,13,17,14,15,15
2013-09-19 18:54:10,Human,Channeler,Male,Arafel,15,15,15,14,14
2013-09-19 18:54:10,Human,Channeler,Male,Arafel,14,17,15,17,12
2013-09-19 18:54:09,Human,Channeler,Male,Arafel,15,15,14,15,14
2013-09-19 18:54:09,Human,Channeler,Male,Arafel,16,16,15,10,14
2013-09-19 18:54:09,Human,Channeler,Male,Arafel,15,16,16,12,11
2013-09-19 18:54:08,Human,Channeler,Male,Arafel,16,15,16,13,12
2013-09-19 18:54:08,Human,Channeler,Male,Arafel,12,15,17,14,14
2013-09-19 18:54:07,Human,Channeler,Male,Arafel,17,16,13,12,12
2013-09-19 18:54:07,Human,Channeler,Male,Arafel,14,16,15,13,14
2013-09-19 18:54:07,Human,Channeler,Male,Arafel,14,15,15,13,14
2013-09-19 18:54:06,Human,Channeler,Male,Arafel,13,15,16,16,11
2013-09-19 18:54:06,Human,Channeler,Male,Arafel,13,18,15,14,11
2013-09-19 18:54:05,Human,Channeler,Male,Arafel,16,15,16,11,12
2013-09-19 18:54:05,Human,Channeler,Male,Arafel,17,14,15,15,12
2013-09-19 18:54:04,Human,Channeler,Male,Arafel,18,17,18,9,12
2013-09-19 18:54:03,Human,Channeler,Male,Arafel,14,15,15,16,12
2013-09-19 18:54:03,Human,Channeler,Male,Arafel,14,15,18,13,11
2013-09-19 18:54:03,Human,Channeler,Male,Arafel,15,15,15,15,12
2013-09-19 18:54:02,Human,Channeler,Male,Arafel,12,17,17,13,12
2013-09-19 18:54:01,Human,Channeler,Male,Arafel,17,16,12,12,14
2013-09-19 18:54:01,Human,Channeler,Male,Arafel,16,13,15,14,14
2013-09-19 18:54:01,Human,Channeler,Male,Arafel,16,15,15,14,12
2013-09-19 18:54:00,Human,Channeler,Male,Arafel,14,15,14,16,12
2013-09-19 18:54:00,Human,Channeler,Male,Arafel,13,17,15,13,13
2013-09-19 18:53:59,Human,Channeler,Male,Arafel,14,15,18,14,10
2013-09-19 18:53:59,Human,Channeler,Male,Arafel,15,15,18,12,12
2013-09-19 18:53:59,Human,Channeler,Male,Arafel,13,15,15,13,15
2013-09-19 18:53:58,Human,Channeler,Male,Arafel,14,15,18,13,12
2013-09-19 18:53:58,Human,Channeler,Male,Arafel,14,15,14,15,12
2013-09-19 18:53:57,Human,Channeler,Male,Arafel,14,15,15,14,12
2013-09-19 18:53:56,Human,Channeler,Male,Arafel,14,17,15,13,12
2013-09-19 18:53:55,Human,Channeler,Male,Arafel,15,15,14,13,13
2013-09-19 18:53:55,Human,Channeler,Male,Arafel,14,15,16,13,12
2013-09-19 18:53:55,Human,Channeler,Male,Arafel,13,15,15,15,12
2013-09-19 18:53:54,Human,Channeler,Male,Arafel,14,11,18,14,14
2013-09-19 18:53:53,Human,Channeler,Male,Arafel,16,16,15,13,12
2013-09-19 18:53:53,Human,Channeler,Male,Arafel,18,16,17,13,12
2013-09-19 18:53:53,Human,Channeler,Male,Arafel,14,15,15,13,14
2013-09-19 18:53:52,Human,Channeler,Male,Arafel,16,18,17,15,13
2013-09-19 18:53:52,Human,Channeler,Male,Arafel,13,17,15,13,12
2013-09-19 18:53:51,Human,Channeler,Male,Arafel,12,13,18,13,16
2013-09-19 18:53:51,Human,Channeler,Male,Arafel,16,15,17,13,12
2013-09-19 18:53:51,Human,Channeler,Male,Arafel,15,17,18,16,16
2013-09-19 18:53:50,Human,Channeler,Male,Arafel,16,15,17,15,9
2013-09-19 18:53:50,Human,Channeler,Male,Arafel,10,16,17,14,13
2013-09-19 18:53:49,Human,Channeler,Male,Arafel,16,14,15,13,12
2013-09-19 18:53:49,Human,Channeler,Male,Arafel,14,16,14,16,12
2013-09-19 18:53:49,Human,Channeler,Male,Arafel,12,17,18,13,13
2013-09-19 18:53:48,Human,Channeler,Male,Arafel,13,17,16,12,12
2013-09-19 18:53:47,Human,Channeler,Male,Arafel,15,18,17,13,12
2013-09-19 18:53:47,Human,Channeler,Male,Arafel,14,17,17,15,11
2013-09-19 18:53:47,Human,Channeler,Male,Arafel,14,15,15,13,14
2013-09-19 18:53:46,Human,Channeler,Male,Arafel,14,16,17,15,12
2013-09-19 18:53:45,Human,Channeler,Male,Arafel,15,16,17,11,13
2013-09-19 18:53:45,Human,Channeler,Male,Arafel,16,15,15,17,15
2013-09-19 18:53:44,Human,Channeler,Male,Arafel,14,18,15,15,14
2013-09-19 18:53:43,Human,Channeler,Male,Arafel,16,15,17,12,10
2013-09-19 18:53:43,Human,Channeler,Male,Arafel,14,16,15,12,15
2013-09-19 18:53:42,Human,Channeler,Male,Arafel,16,14,17,13,14
2013-09-19 18:53:42,Human,Channeler,Male,Arafel,13,16,17,15,12
2013-09-19 18:53:41,Human,Channeler,Male,Arafel,17,16,18,13,15
2013-09-19 18:53:41,Human,Channeler,Male,Arafel,16,13,13,14,14
2013-09-19 18:53:40,Human,Channeler,Male,Arafel,13,14,15,12,16
2013-09-19 18:53:40,Human,Channeler,Male,Arafel,13,15,19,13,10
2013-09-19 18:53:39,Human,Channeler,Male,Arafel,15,17,15,15,12
2013-09-19 18:53:39,Human,Channeler,Male,Arafel,13,17,17,10,13
2013-09-19 18:53:38,Human,Channeler,Male,Arafel,14,15,15,15,11
2013-09-19 18:53:38,Human,Channeler,Male,Arafel,14,16,17,13,14
2013-09-19 18:53:37,Human,Channeler,Male,Arafel,14,16,14,13,13
2013-09-19 18:53:37,Human,Channeler,Male,Arafel,17,15,15,14,13
2013-09-19 18:53:37,Human,Channeler,Male,Arafel,12,15,17,16,12
2013-09-19 18:53:36,Human,Channeler,Male,Arafel,12,16,15,15,13
2013-09-19 18:53:36,Human,Channeler,Male,Arafel,14,15,11,16,14
2013-09-19 18:53:35,Human,Channeler,Male,Arafel,16,15,16,12,12
2013-09-19 18:53:35,Human,Channeler,Male,Arafel,14,17,17,14,12
2013-09-19 18:53:34,Human,Channeler,Male,Arafel,14,17,15,13,12
2013-09-19 18:53:34,Human,Channeler,Male,Arafel,14,14,15,15,12
2013-09-19 18:53:33,Human,Channeler,Male,Arafel,16,15,15,13,13
2013-09-19 18:53:33,Human,Channeler,Male,Arafel,14,15,15,14,13
2013-09-19 18:53:32,Human,Channeler,Male,Arafel,10,17,18,13,14
2013-09-19 18:53:32,Human,Channeler,Male,Arafel,14,14,16,14,13
2013-09-19 18:53:31,Human,Channeler,Male,Arafel,14,14,17,16,11
2013-09-19 18:53:31,Human,Channeler,Male,Arafel,16,15,15,12,12
2013-09-19 18:53:31,Human,Channeler,Male,Arafel,14,15,15,13,15
2013-09-19 18:53:30,Human,Channeler,Male,Arafel,13,16,12,15,14
2013-09-19 18:53:30,Human,Channeler,Male,Arafel,16,15,16,16,12
2013-09-19 18:53:29,Human,Channeler,Male,Arafel,14,17,17,15,13
2013-09-19 18:53:29,Human,Channeler,Male,Arafel,12,15,18,11,16
2013-09-19 18:53:28,Human,Channeler,Male,Arafel,16,15,15,12,12
2013-09-19 18:53:28,Human,Channeler,Male,Arafel,14,18,14,15,11
2013-09-19 18:53:27,Human,Channeler,Male,Arafel,16,16,13,13,14
2013-09-19 18:53:27,Human,Channeler,Male,Arafel,13,15,15,12,15
2013-09-19 18:53:27,Human,Channeler,Male,Arafel,13,15,17,13,15
2013-09-19 18:53:26,Human,Channeler,Male,Arafel,14,17,15,12,12
2013-09-19 18:53:26,Human,Channeler,Male,Arafel,15,16,15,16,9
2013-09-19 18:53:25,Human,Channeler,Male,Arafel,14,15,15,13,13
2013-09-19 18:53:25,Human,Channeler,Male,Arafel,14,15,15,11,15
2013-09-19 18:53:24,Human,Channeler,Male,Arafel,14,14,15,16,12
2013-09-19 18:53:23,Human,Channeler,Male,Arafel,15,15,17,15,10
2013-09-19 18:53:23,Human,Channeler,Male,Arafel,16,15,15,11,13
2013-09-19 18:53:22,Human,Channeler,Male,Arafel,18,16,13,13,13
2013-09-19 18:53:22,Human,Channeler,Male,Arafel,14,17,13,16,11
2013-09-19 18:53:22,Human,Channeler,Male,Arafel,14,17,16,13,12
2013-09-19 18:53:21,Human,Channeler,Male,Arafel,14,17,12,15,12
2013-09-19 18:53:21,Human,Channeler,Male,Arafel,15,17,17,9,12
2013-09-19 18:53:20,Human,Channeler,Male,Arafel,16,15,13,14,12
2013-09-19 18:53:20,Human,Channeler,Male,Arafel,14,15,14,16,14
2013-09-19 18:53:19,Human,Channeler,Male,Arafel,14,15,14,15,12
2013-09-19 18:53:19,Human,Channeler,Male,Arafel,14,15,14,13,14
2013-09-19 18:53:18,Human,Channeler,Male,Arafel,13,17,17,14,13
2013-09-19 18:53:18,Human,Channeler,Male,Arafel,16,15,13,16,15
2013-09-19 18:53:17,Human,Channeler,Male,Arafel,16,17,15,13,15
2013-09-19 18:53:17,Human,Channeler,Male,Arafel,16,15,17,13,12
2013-09-19 18:53:16,Human,Channeler,Male,Arafel,14,16,16,13,14
2013-09-19 18:53:16,Human,Channeler,Male,Arafel,16,16,17,13,12
2013-09-19 18:53:16,Human,Channeler,Male,Arafel,12,15,15,15,13
2013-09-19 18:53:15,Human,Channeler,Male,Arafel,16,13,15,14,12
2013-09-19 18:53:15,Human,Channeler,Male,Arafel,14,18,15,15,12
2013-09-19 18:53:14,Human,Channeler,Male,Arafel,14,16,16,14,12
2013-09-19 18:53:14,Human,Channeler,Male,Arafel,14,15,15,14,13
2013-09-19 18:53:14,Human,Channeler,Male,Arafel,14,17,15,13,13
2013-09-19 18:53:13,Human,Channeler,Male,Arafel,15,12,17,15,12
2013-09-19 18:53:13,Human,Channeler,Male,Arafel,15,15,15,13,12
2013-09-19 18:53:12,Human,Channeler,Male,Arafel,17,19,15,12,11
2013-09-19 18:53:12,Human,Channeler,Male,Arafel,14,15,15,13,13
2013-09-19 18:53:12,Human,Channeler,Male,Arafel,15,15,14,14,12
2013-09-19 18:53:11,Human,Channeler,Male,Arafel,12,16,15,13,15
2013-09-19 18:53:11,Human,Channeler,Male,Arafel,16,17,15,13,13
2013-09-19 18:53:10,Human,Channeler,Male,Arafel,14,13,19,13,11
2013-09-19 18:53:10,Human,Channeler,Male,Arafel,15,15,16,15,10
2013-09-19 18:53:10,Human,Channeler,Male,Arafel,14,15,15,13,15
2013-09-19 18:53:09,Human,Channeler,Male,Arafel,16,16,15,13,12
2013-09-19 18:53:09,Human,Channeler,Male,Arafel,13,15,15,15,12
2013-09-19 18:53:08,Human,Channeler,Male,Arafel,14,14,15,15,12
2013-09-19 18:53:08,Human,Channeler,Male,Arafel,14,15,15,15,13
2013-09-19 18:53:08,Human,Channeler,Male,Arafel,16,15,15,15,12
2013-09-19 18:53:07,Human,Channeler,Male,Arafel,14,16,15,13,12
2013-09-19 18:53:07,Human,Channeler,Male,Arafel,14,15,17,12,15
2013-09-19 18:53:06,Human,Channeler,Male,Arafel,14,17,15,13,12
2013-09-19 18:53:06,Human,Channeler,Male,Arafel,14,17,15,13,11
2013-09-19 18:53:05,Human,Channeler,Male,Arafel,16,15,15,16,12
2013-09-19 18:53:05,Human,Channeler,Male,Arafel,14,15,15,16,11
2013-09-19 18:53:04,Human,Channeler,Male,Arafel,16,15,17,15,13
2013-09-19 18:53:04,Human,Channeler,Male,Arafel,16,15,12,15,14
2013-09-19 18:53:03,Human,Channeler,Male,Arafel,13,17,13,14,13
2013-09-19 18:53:03,Human,Channeler,Male,Arafel,14,15,19,11,11
2013-09-19 18:53:03,Human,Channeler,Male,Arafel,16,15,15,12,13
2013-09-19 18:53:02,Human,Channeler,Male,Arafel,16,13,17,13,15
2013-09-19 18:53:02,Human,Channeler,Male,Arafel,16,12,18,13,13
2013-09-19 18:53:01,Human,Channeler,Male,Arafel,14,13,15,15,15
2013-09-19 18:53:01,Human,Channeler,Male,Arafel,15,15,15,12,13
2013-09-19 18:53:00,Human,Channeler,Male,Arafel,17,13,15,15,10
2013-09-19 18:53:00,Human,Channeler,Male,Arafel,14,15,16,13,14
2013-09-19 18:53:00,Human,Channeler,Male,Arafel,15,15,15,15,12
2013-09-19 18:52:59,Human,Channeler,Male,Arafel,13,17,15,16,12
2013-09-19 18:52:59,Human,Channeler,Male,Arafel,14,16,15,15,12
2013-09-19 18:52:58,Human,Channeler,Male,Arafel,14,15,17,13,12
2013-09-19 18:52:58,Human,Channeler,Male,Arafel,13,17,17,13,10
2013-09-19 18:52:57,Human,Channeler,Male,Arafel,14,15,15,16,14
2013-09-19 18:52:57,Human,Channeler,Male,Arafel,13,13,15,16,16
2013-09-19 18:52:56,Human,Channeler,Male,Arafel,14,13,16,15,12
2013-09-19 18:52:56,Human,Channeler,Male,Arafel,16,15,15,16,12
2013-09-19 18:52:56,Human,Channeler,Male,Arafel,18,15,14,13,12
2013-09-19 18:52:55,Human,Channeler,Male,Arafel,14,15,17,13,12
2013-09-19 18:52:55,Human,Channeler,Male,Arafel,14,15,15,14,12
2013-09-19 18:52:54,Human,Channeler,Male,Arafel,16,16,17,15,13
2013-09-19 09:27:44,Human,Channeler,Female,Arafel,14,15,16,15,12
2013-09-19 09:25:08,Human,Channeler,Female,Arafel,16,16,13,16,12
2013-09-19 09:23:27,Human,Channeler,Female,Arafel,16,15,19,12,15
2013-09-19 09:21:17,Human,Channeler,Female,Arafel,13,19,15,14,13
2013-09-19 09:19:08,Human,Channeler,Female,Arafel,13,15,16,13,15
2013-09-19 09:17:04,Human,Channeler,Female,Arafel,15,16,14,15,12
2013-09-19 09:15:05,Human,Channeler,Female,Arafel,15,17,15,13,12
2013-09-19 09:12:38,Human,Channeler,Female,Arafel,17,16,16,15,10
2013-09-19 09:10:54,Human,Channeler,Female,Arafel,16,15,15,13,13
2013-09-19 09:08:52,Human,Channeler,Female,Arafel,14,16,17,14,12
2013-09-19 09:06:00,Human,Channeler,Female,Arafel,14,17,17,12,14
2013-09-19 09:03:46,Human,Channeler,Female,Arafel,14,15,15,15,12
2013-09-19 09:01:21,Human,Channeler,Female,Arafel,16,12,13,15,15
2013-09-19 08:59:11,Human,Channeler,Female,Arafel,16,14,17,14,12
2013-09-19 08:56:49,Human,Channeler,Female,Arafel,14,14,17,15,12
2013-09-19 08:54:37,Human,Channeler,Female,Arafel,11,18,15,15,12
2013-09-19 08:51:45,Human,Channeler,Female,Arafel,13,15,19,13,12
2013-09-19 08:49:50,Human,Channeler,Female,Arafel,14,15,16,17,10
2013-09-19 08:47:33,Human,Channeler,Female,Arafel,14,16,15,14,12
2013-09-19 08:43:24,Human,Channeler,Female,Arafel,18,18,15,13,12
2013-09-19 08:41:11,Human,Channeler,Female,Arafel,13,17,17,13,12
2013-09-19 08:39:26,Human,Channeler,Female,Arafel,14,14,17,13,12
2013-09-19 08:36:40,Human,Channeler,Female,Arafel,12,15,15,13,15
2013-09-19 08:33:45,Human,Channeler,Female,Arafel,14,14,16,16,14
2013-09-19 08:30:56,Human,Channeler,Female,Arafel,14,15,15,17,12
2013-09-19 08:27:46,Human,Channeler,Female,Arafel,14,14,16,13,13
2013-09-19 08:25:33,Human,Channeler,Female,Arafel,14,17,17,13,12
2013-09-19 08:22:54,Human,Channeler,Female,Arafel,14,15,17,14,11
2013-09-19 08:19:38,Human,Channeler,Female,Arafel,11,15,17,15,14
2013-09-19 08:16:32,Human,Channeler,Female,Arafel,15,15,15,15,12
2013-09-19 08:13:40,Human,Channeler,Female,Arafel,14,18,17,13,11
2013-09-19 08:11:13,Human,Channeler,Female,Arafel,14,15,16,15,12
2013-09-19 08:08:51,Human,Channeler,Female,Arafel,16,15,16,12,12
2013-09-19 08:06:58,Human,Channeler,Female,Arafel,14,17,15,13,14
2013-09-19 08:04:54,Human,Channeler,Female,Arafel,17,14,17,14,15
2013-09-19 08:02:46,Human,Channeler,Female,Arafel,15,17,15,11,12
2013-09-19 08:00:49,Human,Channeler,Female,Arafel,16,15,16,13,14
2013-09-19 07:58:17,Human,Channeler,Female,Arafel,15,15,16,13,11
2013-09-19 07:55:37,Human,Channeler,Female,Arafel,14,16,15,16,12
2013-09-19 07:53:16,Human,Channeler,Female,Arafel,14,15,15,15,13
2013-09-19 07:50:48,Human,Channeler,Female,Arafel,15,15,15,13,12
2013-09-19 07:48:55,Human,Channeler,Female,Arafel,14,17,14,13,12
2013-09-19 07:47:03,Human,Channeler,Female,Arafel,14,15,15,15,15
2013-09-19 07:44:52,Human,Channeler,Female,Arafel,14,16,15,13,12
2013-09-19 07:42:26,Human,Channeler,Female,Arafel,16,16,16,13,10
2013-09-19 07:40:08,Human,Channeler,Female,Arafel,16,15,17,12,14
2013-09-19 07:38:05,Human,Channeler,Female,Arafel,13,15,18,13,12
2013-09-19 07:35:55,Human,Channeler,Female,Arafel,14,14,17,14,14
2013-09-19 07:33:44,Human,Channeler,Female,Arafel,14,15,17,13,13
2013-09-19 07:31:38,Human,Channeler,Female,Arafel,14,13,15,13,15
2013-09-19 07:29:03,Human,Channeler,Female,Arafel,14,15,15,14,12
2013-09-19 07:26:30,Human,Channeler,Female,Arafel,15,15,16,15,12
2013-09-19 07:24:06,Human,Channeler,Female,Arafel,14,17,16,13,10
2013-09-19 07:21:43,Human,Channeler,Female,Arafel,14,15,16,15,13
2013-09-19 07:19:32,Human,Channeler,Female,Arafel,12,17,16,17,12
2013-09-19 07:16:36,Human,Channeler,Female,Arafel,16,15,15,13,12
2013-09-19 07:14:11,Human,Channeler,Female,Arafel,14,15,15,13,13
2013-09-19 07:11:44,Human,Channeler,Female,Arafel,14,15,17,13,15
2013-09-19 07:09:44,Human,Channeler,Female,Arafel,16,19,14,13,11
2013-09-19 07:05:23,Human,Channeler,Female,Arafel,17,14,15,12,16
2013-09-19 07:03:09,Human,Channeler,Female,Arafel,14,14,15,16,12
2013-09-19 07:00:33,Human,Channeler,Female,Arafel,14,17,17,14,13
2013-09-19 06:58:18,Human,Channeler,Female,Arafel,17,15,17,11,10
2013-09-19 06:55:58,Human,Channeler,Female,Arafel,12,15,15,15,13
2013-09-19 06:53:57,Human,Channeler,Female,Arafel,14,15,15,12,14
2013-09-19 06:51:30,Human,Channeler,Female,Arafel,16,15,15,12,12
2013-09-19 06:49:04,Human,Channeler,Female,Arafel,12,16,14,16,12
2013-09-19 06:46:29,Human,Channeler,Female,Arafel,17,15,14,13,11
2013-09-19 06:44:36,Human,Channeler,Female,Arafel,13,14,17,14,12
2013-09-19 06:42:21,Human,Channeler,Female,Arafel,14,17,17,13,12
2013-09-19 06:40:16,Human,Channeler,Female,Arafel,12,15,17,15,11
2013-09-19 06:38:06,Human,Channeler,Female,Arafel,12,18,15,13,12
2013-09-19 06:35:30,Human,Channeler,Female,Arafel,15,17,15,14,12
2013-09-19 06:33:36,Human,Channeler,Female,Arafel,13,15,17,15,12
2013-09-19 06:30:38,Human,Channeler,Female,Arafel,13,15,16,13,14
2013-09-19 06:27:27,Human,Channeler,Female,Arafel,16,15,15,15,13
2013-09-19 06:24:42,Human,Channeler,Female,Arafel,14,17,18,14,12
2013-09-19 06:22:26,Human,Channeler,Female,Arafel,16,15,15,12,13
2013-09-19 06:19:46,Human,Channeler,Female,Arafel,17,15,16,16,12
2013-09-19 06:17:21,Human,Channeler,Female,Arafel,16,15,15,15,12
2013-09-19 06:14:37,Human,Channeler,Female,Arafel,14,16,16,12,12
2013-09-19 06:11:40,Human,Channeler,Female,Arafel,14,15,18,13,12
2013-09-19 06:09:22,Human,Channeler,Female,Arafel,14,15,17,15,12
2013-09-19 06:07:05,Human,Channeler,Female,Arafel,13,16,13,14,14
2013-09-19 06:04:41,Human,Channeler,Female,Arafel,16,16,15,13,11
2013-09-19 06:01:54,Human,Channeler,Female,Arafel,14,16,15,16,11
2013-09-19 05:59:30,Human,Channeler,Female,Arafel,16,15,17,12,12
2013-09-19 05:57:45,Human,Channeler,Female,Arafel,16,15,15,12,14
2013-09-19 05:55:30,Human,Channeler,Female,Arafel,14,17,14,14,12
2013-09-19 05:53:18,Human,Channeler,Female,Arafel,14,15,15,13,13
2013-09-19 05:50:06,Human,Channeler,Female,Arafel,14,13,15,16,12
2013-09-19 05:47:58,Human,Channeler,Female,Arafel,16,15,17,15,13
2013-09-19 05:45:57,Human,Channeler,Female,Arafel,15,16,15,13,16
2013-09-19 05:43:30,Human,Channeler,Female,Arafel,13,16,15,11,15
2013-09-19 05:41:10,Human,Channeler,Female,Arafel,14,13,17,13,14
2013-09-19 05:38:30,Human,Channeler,Female,Arafel,14,17,16,13,13
2013-09-19 05:35:35,Human,Channeler,Female,Arafel,14,15,16,13,12
2013-09-19 05:33:24,Human,Channeler,Female,Arafel,15,17,15,12,12
2013-09-19 05:31:18,Human,Channeler,Female,Arafel,15,15,17,13,10
2013-09-19 05:29:32,Human,Channeler,Female,Arafel,11,17,15,15,12
2013-09-19 05:27:23,Human,Channeler,Female,Arafel,13,18,15,12,13
2013-09-19 05:25:30,Human,Channeler,Female,Arafel,15,15,14,13,14
2013-09-19 05:23:13,Human,Channeler,Female,Arafel,12,16,15,16,13
2013-09-19 05:20:12,Human,Channeler,Female,Arafel,14,18,16,13,12
2013-09-19 05:18:03,Human,Channeler,Female,Arafel,15,18,15,17,12
2013-09-19 05:15:14,Human,Channeler,Female,Arafel,16,13,14,13,14
2013-09-19 05:12:35,Human,Channeler,Female,Arafel,16,16,16,15,11
2013-09-19 05:10:34,Human,Channeler,Female,Arafel,17,13,16,14,12
2013-09-19 05:07:51,Human,Channeler,Female,Arafel,14,17,15,14,12
2013-09-19 05:05:02,Human,Channeler,Female,Arafel,13,18,15,13,12
2013-09-19 05:02:48,Human,Channeler,Female,Arafel,16,18,15,15,12
2013-09-19 05:00:56,Human,Channeler,Female,Arafel,14,15,15,15,11
2013-09-19 04:58:40,Human,Channeler,Female,Arafel,14,13,16,14,14
2013-09-19 04:56:30,Human,Channeler,Female,Arafel,14,17,15,13,12
2013-09-19 04:54:22,Human,Channeler,Female,Arafel,14,15,15,15,11
2013-09-19 04:52:33,Human,Channeler,Female,Arafel,15,12,13,14,16
2013-09-19 04:50:13,Human,Channeler,Female,Arafel,15,17,15,13,11
2013-09-19 04:47:31,Human,Channeler,Female,Arafel,14,16,18,11,13
2013-09-19 04:45:28,Human,Channeler,Female,Arafel,17,16,14,15,10
2013-09-19 04:43:18,Human,Channeler,Female,Arafel,14,16,16,15,13
2013-09-19 04:39:48,Human,Channeler,Female,Arafel,15,13,17,15,12
2013-09-19 04:37:10,Human,Channeler,Female,Arafel,14,16,16,13,14
2013-09-19 04:35:00,Human,Channeler,Female,Arafel,17,15,16,13,12
2013-09-19 04:32:44,Human,Channeler,Female,Arafel,16,17,17,10,10
2013-09-19 04:30:46,Human,Channeler,Female,Arafel,16,17,16,12,11
2013-09-19 04:28:34,Human,Channeler,Female,Arafel,12,18,16,13,12
2013-09-19 04:26:46,Human,Channeler,Female,Arafel,17,17,13,15,13
2013-09-19 04:24:30,Human,Channeler,Female,Arafel,14,15,16,13,12
2013-09-19 04:22:26,Human,Channeler,Female,Arafel,16,18,15,13,12
2013-09-19 04:19:44,Human,Channeler,Female,Arafel,12,15,15,13,15
2013-09-19 04:16:55,Human,Channeler,Female,Arafel,12,17,15,13,14
2013-09-19 04:14:33,Human,Channeler,Female,Arafel,15,17,13,13,12
2013-09-19 04:11:49,Human,Channeler,Female,Arafel,15,17,15,12,12
2013-09-19 04:09:27,Human,Channeler,Female,Arafel,17,17,13,13,15
2013-09-19 04:07:19,Human,Channeler,Female,Arafel,14,14,15,15,12
2013-09-19 04:04:52,Human,Channeler,Female,Arafel,14,15,15,13,14
2013-09-19 04:02:08,Human,Channeler,Female,Arafel,14,16,15,13,12
2013-09-19 03:59:54,Human,Channeler,Female,Arafel,15,15,16,12,14
2013-09-19 03:57:36,Human,Channeler,Female,Arafel,16,15,14,13,14
2013-09-19 03:55:20,Human,Channeler,Female,Arafel,14,15,18,13,11
2013-09-19 03:53:18,Human,Channeler,Female,Arafel,14,15,15,14,15
2013-09-19 03:50:53,Human,Channeler,Female,Arafel,14,14,14,15,13
2013-09-19 03:49:00,Human,Channeler,Female,Arafel,14,17,16,14,9
2013-09-19 03:47:10,Human,Channeler,Female,Arafel,16,14,14,15,12
2013-09-19 03:44:35,Human,Channeler,Female,Arafel,14,15,13,15,14
2013-09-19 03:42:41,Human,Channeler,Female,Arafel,14,15,15,14,12
2013-09-19 03:40:26,Human,Channeler,Female,Arafel,14,17,13,14,12
2013-09-19 03:38:59,Human,Channeler,Female,Arafel,14,17,13,15,12
2013-09-19 03:36:46,Human,Channeler,Female,Arafel,16,14,16,13,12
2013-09-19 03:34:29,Human,Channeler,Female,Arafel,15,15,13,15,12
2013-09-19 03:32:26,Human,Channeler,Female,Arafel,14,15,15,14,12
2013-09-19 03:29:37,Human,Channeler,Female,Arafel,12,17,16,15,11
2013-09-19 03:27:22,Human,Channeler,Female,Arafel,17,15,15,15,12
2013-09-19 03:24:58,Human,Channeler,Female,Arafel,15,18,15,13,12
2013-09-19 03:21:53,Human,Channeler,Female,Arafel,14,17,15,12,12
2013-09-19 03:19:33,Human,Channeler,Female,Arafel,17,15,16,13,12
2013-09-19 03:17:35,Human,Channeler,Female,Arafel,15,13,17,13,12
2013-09-19 03:15:08,Human,Channeler,Female,Arafel,14,13,18,11,14
2013-09-19 03:13:02,Human,Channeler,Female,Arafel,16,19,15,13,9
2013-09-19 03:10:55,Human,Channeler,Female,Arafel,14,14,15,15,12
2013-09-19 03:08:23,Human,Channeler,Female,Arafel,15,17,15,13,12
2013-09-19 03:06:01,Human,Channeler,Female,Arafel,13,15,17,15,15
2013-09-19 03:03:06,Human,Channeler,Female,Arafel,14,16,18,14,13
2013-09-19 03:00:03,Human,Channeler,Female,Arafel,18,15,15,13,9
2013-09-19 02:58:00,Human,Channeler,Female,Arafel,14,15,14,15,12
2013-09-19 02:56:00,Human,Channeler,Female,Arafel,16,15,17,15,12
2013-09-19 02:53:03,Human,Channeler,Female,Arafel,14,14,15,12,15
2013-09-19 02:50:48,Human,Channeler,Female,Arafel,15,17,15,15,12
2013-09-19 02:48:27,Human,Channeler,Female,Arafel,12,15,17,13,15
2013-09-19 02:46:20,Human,Channeler,Female,Arafel,14,17,17,12,14
2013-09-19 02:43:41,Human,Channeler,Female,Arafel,16,15,16,15,9
2013-09-19 02:41:00,Human,Channeler,Female,Arafel,16,15,15,12,12
2013-09-19 02:39:11,Human,Channeler,Female,Arafel,14,17,18,11,11
2013-09-19 02:37:28,Human,Channeler,Female,Arafel,17,13,17,13,12
2013-09-19 02:34:58,Human,Channeler,Female,Arafel,16,15,17,13,12
2013-09-19 02:31:45,Human,Channeler,Female,Arafel,14,17,16,12,12
2013-09-19 02:29:29,Human,Channeler,Female,Arafel,14,17,15,12,12
2013-09-19 02:26:32,Human,Channeler,Female,Arafel,15,14,17,12,12
2013-09-19 02:23:48,Human,Channeler,Female,Arafel,15,13,17,12,14
2013-09-19 02:21:17,Human,Channeler,Female,Arafel,14,16,15,13,13
2013-09-19 02:12:35,Human,Channeler,Female,Arafel,13,18,14,12,15
2013-09-19 02:09:46,Human,Channeler,Female,Arafel,17,15,18,15,12
2013-09-19 02:07:25,Human,Channeler,Female,Arafel,16,16,15,13,14
2013-09-19 02:05:01,Human,Channeler,Female,Arafel,16,15,13,14,12
2013-09-19 02:02:05,Human,Channeler,Female,Arafel,17,14,19,13,12
2013-09-19 01:59:46,Human,Channeler,Female,Arafel,16,15,15,13,11
2013-09-19 01:57:52,Human,Channeler,Female,Arafel,14,15,15,16,12
2013-09-19 01:55:51,Human,Channeler,Female,Arafel,14,15,16,13,12
2013-09-19 01:53:28,Human,Channeler,Female,Arafel,16,14,15,13,12
2013-09-19 01:51:31,Human,Channeler,Female,Arafel,14,17,13,15,12
2013-09-19 01:49:25,Human,Channeler,Female,Arafel,12,13,18,14,15
2013-09-19 01:47:20,Human,Channeler,Female,Arafel,14,15,18,10,14
2013-09-19 01:45:06,Human,Channeler,Female,Arafel,17,17,18,11,11
2013-09-19 01:42:59,Human,Channeler,Female,Arafel,14,16,17,12,14
2013-09-19 01:40:23,Human,Channeler,Female,Arafel,13,15,14,13,15
2013-09-19 01:38:03,Human,Channeler,Female,Arafel,14,17,18,11,12
2013-09-19 01:35:17,Human,Channeler,Female,Arafel,16,15,15,17,15
2013-09-19 01:33:37,Human,Channeler,Female,Arafel,14,14,16,15,12
2013-09-19 01:31:10,Human,Channeler,Female,Arafel,12,15,15,13,15
2013-09-19 01:27:57,Human,Channeler,Female,Arafel,14,16,16,14,13
2013-09-19 01:26:19,Human,Channeler,Female,Arafel,14,15,15,14,13
2013-09-19 01:24:17,Human,Channeler,Female,Arafel,13,15,16,15,16
2013-09-19 01:22:05,Human,Channeler,Female,Arafel,12,14,17,13,14
2013-09-19 01:19:57,Human,Channeler,Female,Arafel,14,16,14,13,13
2013-09-19 01:17:36,Human,Channeler,Female,Arafel,15,17,17,13,9
2013-09-19 01:15:22,Human,Channeler,Female,Arafel,14,17,16,13,10
2013-09-19 01:13:08,Human,Channeler,Female,Arafel,14,15,15,15,16
2013-09-19 01:11:02,Human,Channeler,Female,Arafel,15,14,15,13,13
2013-09-19 01:08:06,Human,Channeler,Female,Arafel,17,19,14,14,10
2013-09-19 01:05:09,Human,Channeler,Female,Arafel,14,15,15,14,12
2013-09-19 01:03:01,Human,Channeler,Female,Arafel,14,17,15,13,14
2013-09-19 01:00:25,Human,Channeler,Female,Arafel,15,15,15,13,12
2013-09-19 00:57:08,Human,Channeler,Female,Arafel,16,16,17,13,10
2013-09-19 00:54:47,Human,Channeler,Female,Arafel,15,14,15,15,13
2013-09-19 00:52:48,Human,Channeler,Female,Arafel,14,17,15,13,12
2013-09-19 00:49:58,Human,Channeler,Female,Arafel,12,17,18,13,10
2013-09-19 00:48:12,Human,Channeler,Female,Arafel,16,15,17,13,13
2013-09-19 00:45:05,Human,Channeler,Female,Arafel,12,17,15,15,12
2013-09-19 00:42:46,Human,Channeler,Female,Arafel,16,13,16,14,12
2013-09-18 23:47:05,Human,Channeler,Female,Arafel,13,16,18,13,11
2013-09-18 23:44:47,Human,Channeler,Female,Arafel,14,16,15,13,12
2013-09-18 23:42:50,Human,Channeler,Female,Arafel,13,15,18,14,12
2013-09-18 23:40:39,Human,Channeler,Female,Arafel,16,17,15,11,12
2013-09-18 23:38:16,Human,Channeler,Female,Arafel,15,15,18,13,12
2013-09-18 23:35:52,Human,Channeler,Female,Arafel,13,17,17,13,14
2013-09-18 23:33:52,Human,Channeler,Female,Arafel,15,17,15,12,15
2013-09-18 23:31:44,Human,Channeler,Female,Arafel,15,17,16,14,10
2013-09-18 23:29:33,Human,Channeler,Female,Arafel,15,15,14,14,12
2013-09-18 23:27:06,Human,Channeler,Female,Arafel,14,15,17,14,12
2013-09-18 23:25:05,Human,Channeler,Female,Arafel,14,18,16,14,14
2013-09-18 23:22:42,Human,Channeler,Female,Arafel,14,15,17,15,12
2013-09-18 23:20:17,Human,Channeler,Female,Arafel,16,15,15,13,13
2013-09-18 23:17:29,Human,Channeler,Female,Arafel,13,17,15,13,12
2013-09-18 23:15:04,Human,Channeler,Female,Arafel,17,17,15,13,12
2013-09-18 23:12:55,Human,Channeler,Female,Arafel,14,17,15,13,11
2013-09-18 23:10:50,Human,Channeler,Female,Arafel,15,16,15,11,13
2013-09-18 23:08:32,Human,Channeler,Female,Arafel,16,17,14,15,12
2013-09-18 23:06:20,Human,Channeler,Female,Arafel,15,16,16,12,13
2013-09-18 23:03:49,Human,Channeler,Female,Arafel,14,18,17,14,10
2013-09-18 23:01:46,Human,Channeler,Female,Arafel,14,18,15,15,11
2013-09-18 22:59:04,Human,Channeler,Female,Arafel,17,15,15,16,12
2013-09-18 22:56:51,Human,Channeler,Female,Arafel,14,18,15,13,11
2013-09-18 22:54:00,Human,Channeler,Female,Arafel,15,14,17,13,13
2013-09-18 22:51:12,Human,Channeler,Female,Arafel,14,15,15,15,13
2013-09-18 22:48:11,Human,Channeler,Female,Arafel,16,12,17,13,12
2013-09-18 22:45:48,Human,Channeler,Female,Arafel,15,17,15,14,10
2013-09-18 22:43:11,Human,Channeler,Female,Arafel,17,16,15,13,13
2013-09-14 06:10:20,Human,Channeler,Female,Arafel,16,15,17,13,12
2013-09-14 06:08:23,Human,Channeler,Female,Arafel,14,17,17,17,12
2013-09-14 06:06:23,Human,Channeler,Female,Arafel,15,16,15,14,12
2013-09-14 06:04:28,Human,Channeler,Female,Arafel,14,14,15,13,14
2013-09-14 06:02:43,Human,Channeler,Female,Arafel,14,13,15,16,12
2013-09-14 06:00:58,Human,Channeler,Female,Arafel,16,15,14,13,12
2013-09-14 05:59:07,Human,Channeler,Female,Arafel,14,15,14,13,14
2013-09-14 05:56:21,Human,Channeler,Female,Arafel,14,17,15,15,9
2013-09-14 05:53:54,Human,Channeler,Female,Arafel,14,15,15,14,14
2013-09-14 05:51:35,Human,Channeler,Female,Arafel,14,16,18,10,12
2013-09-14 05:49:57,Human,Channeler,Female,Arafel,14,14,16,14,14
2013-09-14 05:48:29,Human,Channeler,Female,Arafel,13,17,17,13,12
2013-09-14 05:46:46,Human,Channeler,Female,Arafel,14,16,13,13,14
2013-09-14 05:28:46,Human,Channeler,Female,Arafel,14,16,18,17,13
2013-09-14 05:26:21,Human,Channeler,Female,Arafel,14,15,15,14,13
2013-09-14 05:24:18,Human,Channeler,Female,Arafel,14,18,15,13,10
2013-09-14 05:21:56,Human,Channeler,Female,Arafel,17,18,19,13,11
2013-09-14 05:19:57,Human,Channeler,Female,Arafel,13,15,15,13,15
2013-09-14 05:18:02,Human,Channeler,Female,Arafel,13,13,15,16,14
2013-09-14 05:15:35,Human,Channeler,Female,Arafel,14,15,18,13,12
2013-09-14 05:13:19,Human,Channeler,Female,Arafel,14,17,16,13,11
2013-09-14 05:11:20,Human,Channeler,Female,Arafel,14,15,15,14,12
2013-09-14 05:09:32,Human,Channeler,Female,Arafel,14,15,18,13,12
2013-09-14 05:07:15,Human,Channeler,Female,Arafel,17,15,15,13,12
2013-09-14 05:05:18,Human,Channeler,Female,Arafel,14,14,17,15,12
2013-09-14 05:02:40,Human,Channeler,Female,Arafel,14,13,17,15,11
2013-09-14 05:00:48,Human,Channeler,Female,Arafel,18,16,15,13,12
2013-09-14 04:59:07,Human,Channeler,Female,Arafel,15,16,16,14,14
2013-09-14 04:57:36,Human,Channeler,Female,Arafel,16,13,15,14,14
2013-09-14 04:54:51,Human,Channeler,Female,Arafel,17,15,15,13,10
2013-09-14 04:52:20,Human,Channeler,Female,Arafel,11,15,19,13,12
2013-09-14 04:50:29,Human,Channeler,Female,Arafel,15,17,16,9,13
2013-09-14 04:48:03,Human,Channeler,Female,Arafel,15,14,16,14,11
2013-09-14 04:46:06,Human,Channeler,Female,Arafel,16,15,15,11,16
2013-09-14 04:44:09,Human,Channeler,Female,Arafel,14,16,15,12,14
2013-09-14 04:42:24,Human,Channeler,Female,Arafel,13,16,17,14,12
2013-09-14 04:39:43,Human,Channeler,Female,Arafel,15,15,15,13,14
2013-09-14 04:36:52,Human,Channeler,Female,Arafel,14,15,15,13,13
2013-09-14 04:35:06,Human,Channeler,Female,Arafel,13,15,15,14,13
2013-09-14 04:33:03,Human,Channeler,Female,Arafel,16,12,16,15,14
2013-09-14 04:30:45,Human,Channeler,Female,Arafel,15,19,18,15,13
2013-09-14 04:29:05,Human,Channeler,Female,Arafel,14,14,17,13,12
2013-09-14 04:26:51,Human,Channeler,Female,Arafel,12,16,17,13,12
2013-09-14 04:24:08,Human,Channeler,Female,Arafel,16,16,15,13,13
2013-09-14 04:21:49,Human,Channeler,Female,Arafel,15,15,17,16,12
2013-09-14 04:19:58,Human,Channeler,Female,Arafel,15,17,17,13,11
2013-09-14 04:18:24,Human,Channeler,Female,Arafel,14,15,15,13,13
2013-09-14 04:16:56,Human,Channeler,Female,Arafel,14,14,17,13,12
2013-09-14 04:14:39,Human,Channeler,Female,Arafel,16,18,14,13,12
2013-09-14 04:12:16,Human,Channeler,Female,Arafel,15,15,13,15,14
2013-09-14 04:10:11,Human,Channeler,Female,Arafel,14,15,17,13,13
2013-09-14 04:08:04,Human,Channeler,Female,Arafel,14,15,18,13,14
2013-09-14 04:06:00,Human,Channeler,Female,Arafel,15,15,18,14,13
2013-09-14 04:03:33,Human,Channeler,Female,Arafel,17,14,17,13,12
2013-09-14 04:01:20,Human,Channeler,Female,Arafel,14,18,15,13,14
2013-09-14 03:57:56,Human,Channeler,Female,Arafel,14,19,16,11,10
2013-09-14 03:55:47,Human,Channeler,Female,Arafel,14,17,17,11,14
2013-09-14 03:53:16,Human,Channeler,Female,Arafel,16,15,14,16,12
2013-09-14 03:50:24,Human,Channeler,Female,Arafel,14,17,15,11,13
2013-09-14 03:48:33,Human,Channeler,Female,Arafel,15,16,15,13,13
2013-09-14 03:45:36,Human,Channeler,Female,Arafel,16,17,15,14,12
2013-09-14 03:43:40,Human,Channeler,Female,Arafel,14,17,14,13,13
2013-09-14 03:40:54,Human,Channeler,Female,Arafel,14,15,15,13,14
2013-09-14 03:38:41,Human,Channeler,Female,Arafel,16,16,13,13,12
2013-09-14 03:37:13,Human,Channeler,Female,Arafel,15,19,13,13,11
2013-09-14 03:34:33,Human,Channeler,Female,Arafel,16,17,15,15,12
2013-09-14 03:31:55,Human,Channeler,Female,Arafel,16,16,15,15,15
2013-09-14 03:30:15,Human,Channeler,Female,Arafel,15,15,16,14,14
2013-09-14 03:28:04,Human,Channeler,Female,Arafel,14,16,14,14,14
2013-09-14 03:26:24,Human,Channeler,Female,Arafel,16,15,13,12,14
2013-09-14 03:24:05,Human,Channeler,Female,Arafel,16,17,16,11,12
2013-09-14 03:22:17,Human,Channeler,Female,Arafel,14,16,15,13,15
2013-09-14 03:18:53,Human,Channeler,Female,Arafel,14,17,13,17,12
2013-09-14 03:17:18,Human,Channeler,Female,Arafel,14,14,15,13,14
2013-09-14 03:15:09,Human,Channeler,Female,Arafel,13,15,15,15,12
2013-09-14 03:13:36,Human,Channeler,Female,Arafel,14,15,14,13,16
2013-09-14 03:12:25,Human,Channeler,Female,Arafel,13,15,16,15,12
2013-09-14 03:10:32,Human,Channeler,Female,Arafel,14,17,16,12,11
2013-09-14 03:08:18,Human,Channeler,Female,Arafel,16,15,17,13,11
2013-09-14 03:06:07,Human,Channeler,Female,Arafel,12,13,19,13,13
2013-09-14 03:04:30,Human,Channeler,Female,Arafel,15,15,18,13,10
2013-09-13 22:07:00,Human,Channeler,Female,Arafel,14,16,16,13,11
2013-09-13 22:02:14,Human,Channeler,Female,Arafel,14,18,12,16,15
2013-09-13 22:00:05,Human,Channeler,Female,Arafel,14,15,18,16,13
2013-09-13 21:54:51,Human,Channeler,Female,Arafel,14,19,15,15,12
2013-09-13 21:48:57,Human,Channeler,Female,Arafel,17,16,16,14,10
2013-09-13 21:28:10,Human,Channeler,Female,Arafel,14,16,17,14,12
2013-09-13 21:13:14,Human,Channeler,Female,Arafel,15,14,18,14,11
2013-09-13 21:10:00,Human,Channeler,Female,Arafel,14,14,15,15,13
2013-09-13 21:02:20,Human,Channeler,Female,Arafel,11,18,13,15,13
2013-09-13 20:53:53,Human,Channeler,Female,Arafel,15,15,15,13,12
2013-09-13 20:44:43,Human,Channeler,Female,Arafel,16,14,15,13,14
2013-09-13 20:42:26,Human,Channeler,Female,Arafel,14,17,15,13,14
2013-09-13 20:38:03,Human,Channeler,Female,Arafel,16,14,16,14,12
2013-09-13 20:32:18,Human,Channeler,Female,Arafel,14,17,11,16,12
2013-09-13 20:30:09,Human,Channeler,Female,Arafel,14,16,16,15,12
2013-09-13 20:27:36,Human,Channeler,Female,Arafel,14,15,17,13,12
2013-09-13 20:24:30,Human,Channeler,Female,Arafel,16,16,17,14,13
2013-09-13 20:21:23,Human,Channeler,Female,Arafel,17,11,16,15,11
2013-09-13 20:18:56,Human,Channeler,Female,Arafel,15,16,18,13,12
2013-09-13 20:15:40,Human,Channeler,Female,Arafel,14,16,15,13,12
2013-09-13 20:12:03,Human,Channeler,Female,Arafel,16,15,13,14,12
2013-09-13 20:09:50,Human,Channeler,Female,Arafel,12,15,17,13,13
2013-03-07 18:08:22,Human,Channeler,Female,Arafel,14,11,15,16,15
